algorithm,source_file,task_id,round_raw,round_id,train_loss,test_loss,accuracy,precision_macro,recall_macro,f1_macro,f1_weighted
DeNICE,denice_eval_5seed_summary.csv,0,0,0,1.588217362802188,1.2431320912241937,0.5660535287912096,0.1628703189218242,0.2007338464260944,0.1436365471195301,0.5153185456450682
DeNICE,denice_eval_5seed_summary.csv,0,1,1,0.8519457565858579,1.246727436631918,0.6236266560561575,0.2433864936576815,0.2726597887855562,0.2276455421876033,0.5784892078660109
DeNICE,denice_eval_5seed_summary.csv,0,2,2,0.7095624330930668,1.2023230682313444,0.7179075794743252,0.2681185887920019,0.3141063555314981,0.2595083806179317,0.6927489903773355
DeNICE,denice_eval_5seed_summary.csv,0,3,3,0.6437499362586863,1.2227709641754627,0.7785168911196301,0.2893375920808738,0.3319045285261244,0.2794595422726684,0.7510052265981059
DeNICE,denice_eval_5seed_summary.csv,0,4,4,0.6153475826358835,1.297492896080017,0.8034127365017275,0.3028733133328461,0.3450005536716063,0.2959393465318521,0.7723743204873001
DeNICE,denice_eval_5seed_summary.csv,0,5,5,0.6052482424349974,1.347760325819254,0.7790095801731721,0.2950144008321717,0.3534334359281567,0.2932724602209716,0.7510475513719863
DeNICE,denice_eval_5seed_summary.csv,0,6,6,0.5942722475316896,1.469738874912262,0.7720323078920934,0.2989964525534386,0.3614394441163556,0.2987149085809667,0.7439560029374007
DeNICE,denice_eval_5seed_summary.csv,0,7,7,0.5830782691720299,1.5230260703116656,0.7600289033891633,0.2963730657934127,0.3659389275382251,0.2947832846973143,0.7254566702579515
DeNICE,denice_eval_5seed_summary.csv,0,8,8,0.5678651122845642,1.5995960317999125,0.7633323089854382,0.2923489536149657,0.3678357483002096,0.3002790834348545,0.7289591821161147
DeNICE,denice_eval_5seed_summary.csv,0,9,9,0.5586128314501289,1.700936811223626,0.7627972836548438,0.2889210402158775,0.363384910612739,0.2969796007795832,0.7271365118899842
DeNICE,denice_eval_5seed_summary.csv,0,10,10,0.5520372713478632,1.7767198188155888,0.7619908500446022,0.2925825439179715,0.3667039862711508,0.2988595536266948,0.7287755800263693
DeNICE,denice_eval_5seed_summary.csv,0,11,11,0.5416900993917553,1.9531253510564568,0.7606640254197007,0.2947516201828262,0.3656207710816158,0.3011484841440273,0.7299365356372772
DeNICE,denice_eval_5seed_summary.csv,0,12,12,0.5576256809564013,1.979069497063756,0.7507611727698991,0.2949433898983807,0.3628139539620069,0.2968548806944465,0.7201654167359688
DeNICE,denice_eval_5seed_summary.csv,0,13,13,0.5292123412598522,2.0701904334425927,0.7507206534710377,0.2891057455972044,0.3621545878308286,0.2953068127471647,0.7197200081512496
DeNICE,denice_eval_5seed_summary.csv,0,14,14,0.5504364619190099,2.1533142343461518,0.7499942711115571,0.2892433660965641,0.3619381124417123,0.2950821965469665,0.7192997760944573
DeNICE,denice_eval_5seed_summary.csv,0,15,15,0.561745079406654,2.2622279594540595,0.7483281720010722,0.2869575241739911,0.3606943839834885,0.2947586336608744,0.7157298501321148
DeNICE,denice_eval_5seed_summary.csv,0,16,16,0.5595021957578218,2.3742064210027456,0.7480455237793409,0.287525687249269,0.3608936046538675,0.2957862858895216,0.7145873400409767
DeNICE,denice_eval_5seed_summary.csv,0,17,17,0.5673590419782721,2.4529405483156443,0.747378695821972,0.2870771053608959,0.3608673247693857,0.2946300175262818,0.7145352779562026
DeNICE,denice_eval_5seed_summary.csv,0,18,18,0.5751109107018874,2.4846813175082207,0.7483901672731156,0.2901493341608933,0.3634857841549287,0.2978616606007308,0.7159554095287983
DeNICE,denice_eval_5seed_summary.csv,0,19,19,0.5800930372893124,2.5042809601575136,0.7484135995291289,0.2873710671210517,0.3618949675506145,0.2958656557477868,0.7146238917733351
DeNICE,denice_eval_5seed_summary.csv,1,0,0,0.3062923241309753,21.83784164724339,0.5456788525635652,0.2421373864714364,0.2938794002757301,0.2232102824556516,0.4878209405251404
DeNICE,denice_eval_5seed_summary.csv,1,1,1,0.0425658361196815,10.209565450260117,0.6562666861283265,0.2730953580322814,0.3451106701717424,0.2698740187144149,0.5989667889397461
DeNICE,denice_eval_5seed_summary.csv,1,2,2,0.0272662283490362,9.459256663755982,0.6826031622872535,0.2912803320545649,0.3566827700579652,0.2840672802087988,0.6261346777425472
DeNICE,denice_eval_5seed_summary.csv,1,3,3,0.0272862622985666,10.646100081105674,0.6992344014422651,0.2906950278150711,0.3625375329520569,0.2896699016928467,0.6442107302481876
DeNICE,denice_eval_5seed_summary.csv,1,4,4,0.0278950729929808,10.752518837762532,0.7086254059423123,0.293839059053792,0.3708140497044687,0.2962748708640623,0.6554363251041538
DeNICE,denice_eval_5seed_summary.csv,1,5,5,0.0290109519835834,12.113897952927283,0.7008312885816581,0.2953734462578947,0.3692825487142239,0.2942365552671028,0.6479087147834648
DeNICE,denice_eval_5seed_summary.csv,1,6,6,0.0298347802756017,11.685193059891104,0.7057779965758831,0.3001033497458678,0.3688320349717379,0.2951348462396344,0.6514203399305133
DeNICE,denice_eval_5seed_summary.csv,1,7,7,0.0306263222545846,11.887410675617463,0.711231094206104,0.2999266542549067,0.3725604405982539,0.2975770419004819,0.6601625126958984
DeNICE,denice_eval_5seed_summary.csv,1,8,8,0.0279943849451065,12.240738448727566,0.7099676709023788,0.3008633244694824,0.3722844955068682,0.2976189430813742,0.6587624929296597
DeNICE,denice_eval_5seed_summary.csv,1,9,9,0.0265312705810368,11.811263171150866,0.7274292641423776,0.3067002843347371,0.3818414359853551,0.3053907562356674,0.677505609651132
DeNICE,denice_eval_5seed_summary.csv,1,10,10,0.0580965580212359,12.25078647777408,0.7208110771504712,0.3081750106633524,0.3799827397073797,0.3048803378425972,0.6712693375145975
DeNICE,denice_eval_5seed_summary.csv,1,11,11,0.0637597921678373,12.654610547376317,0.7218810493368794,0.3066982647631777,0.3809641747462132,0.3033385826528288,0.6724074161159022
DeNICE,denice_eval_5seed_summary.csv,1,12,12,0.0662034998020348,12.38558171378556,0.7254535061052387,0.3087822832613507,0.3832509032399982,0.3066982108942011,0.6767393886982529
DeNICE,denice_eval_5seed_summary.csv,1,13,13,0.0660737733994489,12.154690404561263,0.7268550891680978,0.3092723959071478,0.3841257791270853,0.306418437265715,0.677402455866878
DeNICE,denice_eval_5seed_summary.csv,1,14,14,0.0659319349354063,12.559356706616324,0.7249642297030735,0.3094295895223085,0.3828284606206372,0.304539321856407,0.6749716010289317
DeNICE,denice_eval_5seed_summary.csv,1,15,15,0.0658334443802365,12.33683148475135,0.729288617189878,0.3102432127598927,0.3865862339599782,0.3080533011070804,0.6799735313361446
DeNICE,denice_eval_5seed_summary.csv,1,16,16,0.0657369999942729,12.772576801336497,0.7174303375332608,0.3034233650562314,0.3762206923583003,0.2982594245126447,0.6659247055234192
DeNICE,denice_eval_5seed_summary.csv,1,17,17,0.0594981342704584,13.162123667936182,0.7191720058450193,0.3055799457159499,0.3786995411862086,0.3008377048404372,0.6702154380334859
DeNICE,denice_eval_5seed_summary.csv,1,18,18,0.0583244982751357,13.11688454164462,0.7187141425849569,0.3045569522518958,0.3790110089430548,0.2999663317021984,0.6695458010432125
DeNICE,denice_eval_5seed_summary.csv,1,19,19,0.0577242725076463,13.072161548289577,0.7226041256341644,0.3076138778709683,0.3815275216042903,0.3029609146022464,0.674300372951262
DeNICE,denice_eval_5seed_summary.csv,2,0,0,1.5249000681604483,53.26951439007132,0.3856040344347637,0.191658446291379,0.2424673607954091,0.1650574145578993,0.3001708682531584
DeNICE,denice_eval_5seed_summary.csv,2,1,1,0.6115963198557728,57.099407222726406,0.3871062292199089,0.1916878082448875,0.2475875520739973,0.1636266380023821,0.2915334229820842
DeNICE,denice_eval_5seed_summary.csv,2,2,2,0.5381959041954659,60.11914607679624,0.3749850131110224,0.193845883717641,0.2513716642281119,0.1613784045703137,0.2831191948777041
DeNICE,denice_eval_5seed_summary.csv,2,3,3,0.5400477735144359,57.889587173840106,0.3951174491465539,0.2067120841329795,0.2647933784258284,0.1724896215635047,0.3001846856417826
DeNICE,denice_eval_5seed_summary.csv,2,4,4,0.5498289293229751,59.96914841872903,0.3842763581903872,0.1961651376080308,0.2587775746025587,0.1651896796364328,0.2815473199051107
DeNICE,denice_eval_5seed_summary.csv,2,5,5,0.5587012991422837,58.85641549962505,0.3939175685355917,0.2092094549693964,0.268709319765907,0.1730824802654774,0.2983654152417668
DeNICE,denice_eval_5seed_summary.csv,2,6,6,0.6020462495689437,55.7225217525298,0.4091955685777046,0.209247208167067,0.270701872870831,0.1766815050950059,0.3156466650703114
DeNICE,denice_eval_5seed_summary.csv,2,7,7,0.6403423042264154,59.15340378644273,0.3964724036836108,0.2052710897951062,0.269615060369361,0.1731911511427537,0.2977631560705366
DeNICE,denice_eval_5seed_summary.csv,2,8,8,0.6915729263292434,57.78399826857951,0.4045692230233021,0.2088664641020084,0.2740237131440786,0.1796233231277153,0.3095704591702627
DeNICE,denice_eval_5seed_summary.csv,2,9,9,0.6307891751193733,57.68769795892602,0.4113657493079728,0.2086124032758881,0.2787548282424379,0.1818381012833001,0.3149499718809531
DeNICE,denice_eval_5seed_summary.csv,2,10,10,0.6186373275715347,58.421550239385134,0.4073966182552752,0.2074845492812696,0.2748793862386597,0.1787525640463461,0.3132067852766115
DeNICE,denice_eval_5seed_summary.csv,2,11,11,0.6321576111325806,56.029251119945386,0.4268508066550113,0.2140769685208813,0.2835284203005896,0.1868322860088792,0.3304622030341548
DeNICE,denice_eval_5seed_summary.csv,2,12,12,0.634739005467354,56.7756364290124,0.4194740324429102,0.2156932461075612,0.2808596219578111,0.1865249647680491,0.3273021802713275
DeNICE,denice_eval_5seed_summary.csv,2,13,13,0.643327131660585,56.52508325035109,0.4215638014498146,0.2172414141852974,0.2819089225751251,0.1870985668588014,0.3302594279793674
DeNICE,denice_eval_5seed_summary.csv,2,14,14,0.6495394906140647,56.60120951986507,0.4168109199684224,0.2132778591636471,0.2815376239736848,0.1853756013757131,0.3274753351522144
DeNICE,denice_eval_5seed_summary.csv,2,15,15,0.6666759301920149,56.82199337252416,0.4216013485300145,0.2128844298998712,0.282734732070163,0.1859830634897078,0.3273493626912567
DeNICE,denice_eval_5seed_summary.csv,2,16,16,0.6557386563451992,56.632926194850825,0.4231168879676968,0.2161109165663647,0.2842401615703507,0.1888042273361228,0.3305867985424166
DeNICE,denice_eval_5seed_summary.csv,2,17,17,0.6635502003850132,57.33385324791397,0.4175362622257648,0.2160186371716539,0.2818277947503841,0.1857174658723414,0.3245245726534079
DeNICE,denice_eval_5seed_summary.csv,2,18,18,0.6649804542120202,56.91855069771007,0.4215631466577455,0.2168223688567946,0.283297791437486,0.1868269536195526,0.3296156474787186
DeNICE,denice_eval_5seed_summary.csv,2,19,19,0.6680274794567488,57.251836916140704,0.4201314033656591,0.217015642326794,0.2844762795991419,0.1890801282565901,0.3300268320810032
DeNICE,denice_eval_5seed_summary.csv,3,0,0,1.983234255689177,72.40423143940909,0.2512998302277444,0.1443274261463549,0.1931475404513599,0.1137324678833647,0.1770033355179058
DeNICE,denice_eval_5seed_summary.csv,3,1,1,0.6847752072077518,75.15388041081661,0.2452737664268246,0.140436572513314,0.1975325091505432,0.112822066791889,0.1672365579177928
DeNICE,denice_eval_5seed_summary.csv,3,2,2,0.5647001057739249,75.70857051314593,0.2447278709730826,0.1445255522547349,0.2026007232773312,0.1116971572477494,0.1623344974473412
DeNICE,denice_eval_5seed_summary.csv,3,3,3,0.5248003861414546,75.6384335421046,0.2511166846202461,0.1474599094451793,0.2084143600003926,0.1175370171964949,0.1694703305076743
DeNICE,denice_eval_5seed_summary.csv,3,4,4,0.5310135167009051,75.16000210056822,0.2554140343727157,0.1501577118606681,0.2106016047699073,0.1192750773416255,0.1737416557675158
DeNICE,denice_eval_5seed_summary.csv,3,5,5,0.5356651230192557,75.78141636517833,0.2527049078588259,0.1511141155076064,0.2069929556929731,0.1169994953974578,0.1704749982177569
DeNICE,denice_eval_5seed_summary.csv,3,6,6,0.5399001590343349,75.77917592686681,0.2552051265852763,0.1509649267551905,0.2113503236313138,0.1194510539244712,0.1730449878795275
DeNICE,denice_eval_5seed_summary.csv,3,7,7,0.5420323056454134,76.33191356286285,0.2514245135501272,0.1517592940868281,0.2108455250156883,0.1189513429254378,0.1693226985603721
DeNICE,denice_eval_5seed_summary.csv,3,8,8,0.5453812905629463,76.76987046852064,0.2484449486857701,0.1499745798725777,0.2094701323419218,0.1178376341070073,0.166568843738287
DeNICE,denice_eval_5seed_summary.csv,3,9,9,0.5545251582022173,76.72985790422588,0.2509491286368021,0.1534930916845717,0.2117702610779107,0.1196370587374123,0.1701094885516905
DeNICE,denice_eval_5seed_summary.csv,3,10,10,0.5510038866303033,76.63653650214772,0.2521229646075354,0.152241061539108,0.2112303337053933,0.11844019480557,0.1694512040219595
DeNICE,denice_eval_5seed_summary.csv,3,11,11,0.5578503859974634,77.00744554547654,0.2483976000490882,0.1556374551498238,0.2134930578328622,0.1213454097448874,0.1680963302896962
DeNICE,denice_eval_5seed_summary.csv,3,12,12,0.5480030706350801,76.0636850783072,0.256235045007588,0.1545690945102538,0.216011952493956,0.123791344502767,0.1751335490679844
DeNICE,denice_eval_5seed_summary.csv,3,13,13,0.5312659413409146,76.24697407667146,0.2593427517213433,0.1561447323973822,0.2186776285947766,0.1253583266750374,0.1781731664132353
DeNICE,denice_eval_5seed_summary.csv,3,14,14,0.5325837629034644,76.75749291928531,0.2599421949837708,0.1565047117416861,0.219667225852184,0.1266109276870256,0.1784164298525318
DeNICE,denice_eval_5seed_summary.csv,3,15,15,0.5365359051066498,77.2454946503052,0.2551828056253325,0.1577131192264026,0.2177252120590526,0.1255152398253923,0.1757556009184044
DeNICE,denice_eval_5seed_summary.csv,3,16,16,0.5364348574067679,76.85671952830424,0.2548000303500031,0.1581725371343322,0.2173034850558696,0.1255699767748271,0.1771564589717607
DeNICE,denice_eval_5seed_summary.csv,3,17,17,0.5427644258377564,76.89505263875657,0.2590905401438763,0.1574552953306997,0.2205528685291878,0.127223769399765,0.1794668403931126
DeNICE,denice_eval_5seed_summary.csv,3,18,18,0.5390299770073261,77.43443851183271,0.2559855169998626,0.1584557435246657,0.2185781375046631,0.1267474014250168,0.1780921993548884
DeNICE,denice_eval_5seed_summary.csv,3,19,19,0.5423507962138729,76.89160886575459,0.2597018762075506,0.1578617602583055,0.2205224925783265,0.1272023222920345,0.1796756526467382
DeNICE,denice_eval_5seed_summary.csv,4,0,0,5.060946788467708,80.02778141679526,0.219929515103944,0.1268338049016109,0.1724637521816507,0.0939115897130685,0.1517841866403037
DeNICE,denice_eval_5seed_summary.csv,4,1,1,4.023090162644922,76.62812634582113,0.2485106111955849,0.1355067346509239,0.1888967789027734,0.1098398698786042,0.1775047092414591
DeNICE,denice_eval_5seed_summary.csv,4,2,2,3.391094164109788,78.5042412641179,0.2322280161136515,0.1327468461235529,0.1799996082745487,0.1031831599920723,0.1638157741150171
DeNICE,denice_eval_5seed_summary.csv,4,3,3,3.209514620632808,78.37856984701773,0.2300087167236247,0.1342467029714485,0.1824763508538899,0.1057754389994427,0.1626625965281709
DeNICE,denice_eval_5seed_summary.csv,4,4,4,3.1474047517527035,78.29822724055425,0.2313344815308045,0.133367685290471,0.1836162336108852,0.104832232919755,0.1631983351695587
DeNICE,denice_eval_5seed_summary.csv,4,5,5,3.101184868548512,79.01522169934692,0.2255299507354179,0.1308121881017594,0.182640330805137,0.1029845907429996,0.1589819950517736
DeNICE,denice_eval_5seed_summary.csv,4,6,6,3.036568767071885,78.27628979013996,0.2264218792403048,0.1296422274571013,0.1813183738916576,0.1022559604874496,0.1602283291927047
DeNICE,denice_eval_5seed_summary.csv,4,7,7,3.0665991350102293,78.44329641102331,0.2282679370221064,0.1315773888940914,0.1836395071515508,0.1038711066916122,0.1625656458797579
DeNICE,denice_eval_5seed_summary.csv,4,8,8,3.121311165360577,77.84729612240817,0.2329399764879816,0.1315350696430975,0.1847502112370856,0.1043474580764873,0.164940411364291
DeNICE,denice_eval_5seed_summary.csv,4,9,9,3.15473498991654,78.7169710967086,0.2274557046904194,0.1314665556110886,0.1853586374353063,0.1043654015490553,0.1614880511127623
DeNICE,denice_eval_5seed_summary.csv,4,10,10,3.1696243480195605,79.03311244375513,0.2246016634606738,0.131081122627344,0.1841016956339896,0.1030883650478113,0.1583027640658056
DeNICE,denice_eval_5seed_summary.csv,4,11,11,3.16748469724022,79.027481209761,0.2256409166147536,0.1311454062062335,0.1850508826138302,0.1027954107743168,0.1574911555196577
DeNICE,denice_eval_5seed_summary.csv,4,12,12,3.154761975589372,79.29150037056715,0.2239971263471571,0.129749893164726,0.1855776963297352,0.1026638617098023,0.1576921806798326
DeNICE,denice_eval_5seed_summary.csv,4,13,13,3.161171042302528,78.41671169779559,0.2326449492771706,0.1368959497672345,0.1920254753378425,0.1091817348585558,0.1641567077172252
DeNICE,denice_eval_5seed_summary.csv,4,14,14,3.010382128377328,78.78575290604476,0.2302530833976699,0.1331082397979766,0.189157323443457,0.1057499569203334,0.1618344868028754
DeNICE,denice_eval_5seed_summary.csv,4,15,15,2.970038115250603,79.09758204111509,0.2240343074321471,0.1313496052418055,0.1843897137416855,0.1028787015305515,0.15520518338255
DeNICE,denice_eval_5seed_summary.csv,4,16,16,3.10635000517148,78.51417356175543,0.2299379787176504,0.1380713303406307,0.189300203301626,0.1076068946923819,0.1633144384053448
DeNICE,denice_eval_5seed_summary.csv,4,17,17,2.998294868965505,79.31861728918742,0.2247347312379503,0.133363179910647,0.1858785024844826,0.1043126152616821,0.1580499122580707
DeNICE,denice_eval_5seed_summary.csv,4,18,18,2.9383929755568947,79.21832699159754,0.2241366759403563,0.1324006955591016,0.1849046675038847,0.1030257699056678,0.1561436362546868
DeNICE,denice_eval_5seed_summary.csv,4,19,19,2.992839361664259,77.87952876330856,0.231375165255155,0.1370507010757733,0.1891630079615027,0.1085001397655952,0.1657324200655551
DeNICE,denice_eval_5seed_summary.csv,5,0,0,3.944815313530988,79.47913344012056,0.2246905161573352,0.1125700297768743,0.1621698265628994,0.0904399374771249,0.1554591242674101
DeNICE,denice_eval_5seed_summary.csv,5,1,1,3.6751163660366046,78.25932904373579,0.2310205505950369,0.1133166870443325,0.1627088680111967,0.0918750651620781,0.1597475625535261
DeNICE,denice_eval_5seed_summary.csv,5,2,2,3.625802780741752,78.72317219226885,0.2282755169092192,0.1119688193958472,0.1611161716677818,0.0904941706768998,0.1565382868515467
DeNICE,denice_eval_5seed_summary.csv,5,3,3,3.3417385322800675,79.12626860545681,0.2250183318589796,0.1117345379176856,0.160864763928739,0.0915015646758163,0.1570731852116032
DeNICE,denice_eval_5seed_summary.csv,5,4,4,3.1583218590907767,78.27744256068249,0.2294431214808437,0.1115781332605011,0.1613352390231751,0.0916768308440472,0.1576524080731297
DeNICE,denice_eval_5seed_summary.csv,5,5,5,3.072443493799068,78.84153689295508,0.227657751500749,0.1122201175357916,0.1630293043066124,0.0923805866239688,0.1567104900947705
DeNICE,denice_eval_5seed_summary.csv,5,6,6,2.9002734612733585,79.46420744614326,0.2247400804229093,0.108263435754957,0.1598549045118693,0.0890252449585281,0.1526387844136421
DeNICE,denice_eval_5seed_summary.csv,5,7,7,2.9752792932361025,78.76769889649219,0.2309476486253822,0.1099204168638465,0.1608331934941613,0.0915353304797167,0.1593766732495792
DeNICE,denice_eval_5seed_summary.csv,5,8,8,2.974784164608938,79.23999714557357,0.2239267690314631,0.1096655575104415,0.1575082312278785,0.0896629465849095,0.1545658328039194
DeNICE,denice_eval_5seed_summary.csv,5,9,9,2.9405809882676155,79.67868228911657,0.2200483974920248,0.1084642829245988,0.157209928004071,0.0884167250804994,0.1499940407311966
DeNICE,denice_eval_5seed_summary.csv,5,10,10,2.8463816583976667,80.12963866196807,0.2199712897031302,0.1098478645057774,0.1582754664159447,0.0883347478705372,0.1480729303012833
DeNICE,denice_eval_5seed_summary.csv,5,11,11,2.994416719197773,80.14747898213395,0.2216921982879765,0.1091212163115864,0.1595778447642693,0.0886014868622338,0.1492896974436761
DeNICE,denice_eval_5seed_summary.csv,5,12,12,2.8865941295460744,80.660517392338,0.2173401481335808,0.1060641140282951,0.1573847915644249,0.0862190201239374,0.146075899550616
DeNICE,denice_eval_5seed_summary.csv,5,13,13,2.827792073151797,80.14856734130001,0.2212967229563621,0.1072791378237395,0.1599782189612733,0.0894502044300447,0.150388127669467
DeNICE,denice_eval_5seed_summary.csv,5,14,14,3.0239565485220923,79.3615923896963,0.226407647787851,0.110973745023856,0.1620247724704722,0.0919194759067854,0.1580295554135363
DeNICE,denice_eval_5seed_summary.csv,5,15,15,3.059341818662844,79.3787423669791,0.2254753813443149,0.1095038041013899,0.1604991859796086,0.0909322121104123,0.1568288463055111
DeNICE,denice_eval_5seed_summary.csv,5,16,16,3.0359536904221174,79.59925457264237,0.2248466119794744,0.1094386345259332,0.1596531799111965,0.0902357252859401,0.1561551327872656
DeNICE,denice_eval_5seed_summary.csv,5,17,17,3.135768279847128,79.26901731043272,0.2273646324855648,0.1098619629447034,0.1610432346998229,0.0916333559282055,0.1581841967463643
DeNICE,denice_eval_5seed_summary.csv,5,18,18,3.051562204771136,79.44971513919717,0.2258110159652564,0.1101584273376438,0.1602100650673349,0.0908019140406729,0.1572592983803174
DeNICE,denice_eval_5seed_summary.csv,5,19,19,3.16529231005969,79.26902546469366,0.2249074042972166,0.1104213537461988,0.160233324284557,0.0912589690826458,0.1572221473645532
FL_CGoFed,FL_CGoFed (1).csv,0,0,0,,,0.0,0.0,0.0,0.0,0.0
FL_CGoFed,FL_CGoFed (1).csv,0,1,1,,,3.66e-05,0.058594,2.97e-06,5.94e-06,7.32e-05
FL_CGoFed,FL_CGoFed (1).csv,0,2,2,355.841,,0.009832,0.066305,0.000851,0.001681,0.019414
FL_CGoFed,FL_CGoFed (1).csv,0,3,3,,,0.105504,0.076316,0.010542,0.018524,0.185399
FL_CGoFed,FL_CGoFed (1).csv,0,4,4,3.446,,0.33074,0.075973,0.033046,0.046058,0.46097
FL_CGoFed,FL_CGoFed (1).csv,0,5,5,,,0.55805,0.081926,0.060405,0.069538,0.642433
FL_CGoFed,FL_CGoFed (1).csv,0,6,6,,311.202,0.650427,0.080774,0.070404,0.075233,0.695043
FL_CGoFed,FL_CGoFed (1).csv,0,7,7,,,0.722166,0.072064,0.078169,0.074992,0.69282
FL_CGoFed,FL_CGoFed (1).csv,0,8,8,,296.318,0.738452,0.072033,0.087198,0.078893,0.66812
FL_CGoFed,FL_CGoFed (1).csv,0,9,9,,288.882,0.754371,0.077167,0.097986,0.086339,0.664706
FL_CGoFed,FL_CGoFed (1).csv,0,10,10,,,0.765821,0.085615,0.110526,0.096488,0.668557
FL_CGoFed,FL_CGoFed (1).csv,0,11,11,,,0.769878,0.096253,0.125,0.108759,0.669849
FL_CGoFed,FL_CGoFed (1).csv,0,12,12,,,0.769878,0.128313,0.166667,0.144996,0.669777
FL_CGoFed,FL_CGoFed (1).csv,0,13,13,,,0.769878,0.128313,0.166667,0.144996,0.669777
FL_CGoFed,FL_CGoFed (1).csv,0,14,14,284.227,,0.769878,0.128313,0.166667,0.144996,0.669777
FL_CGoFed,FL_CGoFed (1).csv,0,15,15,,,0.769878,0.128313,0.166667,0.144996,0.669777
FL_CGoFed,FL_CGoFed (1).csv,0,16,16,,238.657,0.769878,0.128313,0.166667,0.144996,0.669777
FL_CGoFed,FL_CGoFed (1).csv,0,17,17,,,0.769878,0.128313,0.166667,0.144996,0.669777
FL_CGoFed,FL_CGoFed (1).csv,0,18,18,,224.098,0.769878,0.128313,0.166667,0.144996,0.669777
FL_CGoFed,FL_CGoFed (1).csv,0,19,19,,,0.769878,0.128313,0.166667,0.144996,0.669777
FL_CGoFed,FL_CGoFed (1).csv,1,0,0,,,0.769878,0.128313,0.166667,0.144996,0.669777
FL_CGoFed,FL_CGoFed (1).csv,1,1,1,,,0.052692,0.004391,0.083333,0.008342,0.005275
FL_CGoFed,FL_CGoFed (1).csv,1,2,2,,,0.368704,0.089753,0.159561,0.091543,0.337623
FL_CGoFed,FL_CGoFed (1).csv,1,3,3,,252.857,0.390729,0.089967,0.164874,0.094716,0.349483
FL_CGoFed,FL_CGoFed (1).csv,1,4,4,,,0.662885,0.261262,0.279882,0.237181,0.671804
FL_CGoFed,FL_CGoFed (1).csv,1,5,5,,,0.735292,0.263827,0.310825,0.261591,0.722239
FL_CGoFed,FL_CGoFed (1).csv,1,6,6,,,0.895893,0.360935,0.387244,0.359976,0.896542
FL_CGoFed,FL_CGoFed (1).csv,1,7,7,,,0.912326,0.364741,0.394505,0.368757,0.90701
FL_CGoFed,FL_CGoFed (1).csv,1,8,8,,,0.94542,0.377547,0.409753,0.388777,0.93136
FL_CGoFed,FL_CGoFed (1).csv,1,9,9,101.976,,0.950051,0.380496,0.41173,0.392226,0.934811
FL_CGoFed,FL_CGoFed (1).csv,1,10,10,0.869558,,0.952495,0.38246,0.4127,0.394343,0.936525
FL_CGoFed,FL_CGoFed (1).csv,1,11,11,0.748851,0.928152,0.954264,0.384354,0.413345,0.396268,0.937591
FL_CGoFed,FL_CGoFed (1).csv,1,12,12,0.652901,0.823444,0.955141,0.38559,0.413571,0.397399,0.938075
FL_CGoFed,FL_CGoFed (1).csv,1,13,13,0.567944,0.736562,0.955762,0.386633,0.413659,0.398256,0.938436
FL_CGoFed,FL_CGoFed (1).csv,1,14,14,0.513366,0.641948,0.956096,0.387098,0.413704,0.398625,0.938677
FL_CGoFed,FL_CGoFed (1).csv,1,15,15,0.45849,0.583216,0.956399,0.387569,0.413658,0.398963,0.938888
FL_CGoFed,FL_CGoFed (1).csv,1,16,16,0.422408,0.531385,0.956608,0.387936,0.413499,0.399188,0.939019
FL_CGoFed,FL_CGoFed (1).csv,1,17,17,0.392429,0.477136,0.956586,0.388111,0.413116,0.39919,0.938951
FL_CGoFed,FL_CGoFed (1).csv,1,18,18,0.366188,0.493904,0.956382,0.471488,0.412927,0.399506,0.938786
FL_CGoFed,FL_CGoFed (1).csv,1,19,19,0.336318,0.457112,0.956592,0.471687,0.4138,0.402071,0.93944
FL_CGoFed,FL_CGoFed (1).csv,2,0,0,,0.352183,0.957629,0.471477,0.416404,0.405881,0.941315
FL_CGoFed,FL_CGoFed (1).csv,2,1,1,,,0.565635,0.245498,0.27806,0.222741,0.435157
FL_CGoFed,FL_CGoFed (1).csv,2,2,2,,,0.56585,0.300397,0.279327,0.224585,0.43547
FL_CGoFed,FL_CGoFed (1).csv,2,3,3,,,0.705627,0.336367,0.330035,0.285028,0.612798
FL_CGoFed,FL_CGoFed (1).csv,2,4,4,,,0.716089,0.379036,0.333435,0.287041,0.622085
FL_CGoFed,FL_CGoFed (1).csv,2,5,5,,,0.757563,0.373049,0.352164,0.319407,0.697087
FL_CGoFed,FL_CGoFed (1).csv,2,6,6,,125.381,0.829214,0.389922,0.384043,0.355482,0.781891
FL_CGoFed,FL_CGoFed (1).csv,2,7,7,,,0.841628,0.404502,0.388955,0.36158,0.797663
FL_CGoFed,FL_CGoFed (1).csv,2,8,8,,,0.848225,0.416231,0.391667,0.373493,0.82159
FL_CGoFed,FL_CGoFed (1).csv,2,9,9,,,0.850018,0.416522,0.390262,0.374234,0.828881
FL_CGoFed,FL_CGoFed (1).csv,2,10,10,,,0.845817,0.414593,0.384926,0.377844,0.83391
FL_CGoFed,FL_CGoFed (1).csv,2,11,11,,,0.844205,0.412649,0.377175,0.361161,0.811861
FL_CGoFed,FL_CGoFed (1).csv,2,12,12,193.803,,0.844998,0.387,0.375236,0.356131,0.799547
FL_CGoFed,FL_CGoFed (1).csv,2,13,13,,,0.840313,0.384873,0.367694,0.351064,0.795054
FL_CGoFed,FL_CGoFed (1).csv,2,14,14,175.937,0.999273,0.835026,0.381597,0.358368,0.343692,0.789331
FL_CGoFed,FL_CGoFed (1).csv,2,15,15,,0.998067,0.832841,0.379789,0.352207,0.337016,0.78564
FL_CGoFed,FL_CGoFed (1).csv,2,16,16,,0.985533,0.832731,0.37969,0.353954,0.339626,0.786578
FL_CGoFed,FL_CGoFed (1).csv,2,17,17,,,0.833407,0.379661,0.353448,0.338616,0.786676
FL_CGoFed,FL_CGoFed (1).csv,2,18,18,,0.995611,0.834803,0.37961,0.35529,0.340729,0.788124
FL_CGoFed,FL_CGoFed (1).csv,2,19,19,,0.965474,0.8291,0.378125,0.350933,0.336914,0.783275
FL_CGoFed,FL_CGoFed (1).csv,3,0,0,,0.893343,0.836962,0.379783,0.360546,0.346228,0.791217
FL_CGoFed,FL_CGoFed (1).csv,3,1,1,431.257,,0.656904,0.247124,0.273872,0.235823,0.554474
FL_CGoFed,FL_CGoFed (1).csv,3,2,2,,,0.659935,0.2485,0.278246,0.239077,0.556895
FL_CGoFed,FL_CGoFed (1).csv,3,3,3,39.851,,0.661587,0.248911,0.280721,0.240744,0.558132
FL_CGoFed,FL_CGoFed (1).csv,3,4,4,,,0.662877,0.249038,0.282785,0.241975,0.559158
FL_CGoFed,FL_CGoFed (1).csv,3,5,5,,,0.663929,0.248916,0.284475,0.242885,0.56001
FL_CGoFed,FL_CGoFed (1).csv,3,6,6,,150.027,0.664856,0.248302,0.285977,0.243321,0.560691
FL_CGoFed,FL_CGoFed (1).csv,3,7,7,,,0.665687,0.247454,0.287363,0.24349,0.561328
FL_CGoFed,FL_CGoFed (1).csv,3,8,8,,,0.666399,0.254511,0.28864,0.243252,0.562011
FL_CGoFed,FL_CGoFed (1).csv,3,9,9,,,0.667006,0.245338,0.289654,0.242873,0.563015
FL_CGoFed,FL_CGoFed (1).csv,3,10,10,30.133,,0.667697,0.246191,0.290762,0.243338,0.564238
FL_CGoFed,FL_CGoFed (1).csv,3,11,11,,,0.668408,0.248372,0.292227,0.244902,0.565237
FL_CGoFed,FL_CGoFed (1).csv,3,12,12,,,0.668906,0.262981,0.293085,0.24583,0.566042
FL_CGoFed,FL_CGoFed (1).csv,3,13,13,,,0.67933,0.283602,0.312633,0.274155,0.581992
FL_CGoFed,FL_CGoFed (1).csv,3,14,14,,,0.682088,0.295303,0.315489,0.279467,0.590648
FL_CGoFed,FL_CGoFed (1).csv,3,15,15,,,0.64146,0.301904,0.316725,0.272432,0.54883
FL_CGoFed,FL_CGoFed (1).csv,3,16,16,232.726,138.096,0.635171,0.275126,0.316995,0.267687,0.531878
FL_CGoFed,FL_CGoFed (1).csv,3,17,17,,,0.641159,0.278221,0.328261,0.273896,0.537467
FL_CGoFed,FL_CGoFed (1).csv,3,18,18,,,0.644007,0.271527,0.333601,0.275911,0.539229
FL_CGoFed,FL_CGoFed (1).csv,3,19,19,,,0.64438,0.2717,0.334283,0.276213,0.539544
FL_CGoFed,FL_CGoFed (1).csv,4,0,0,,,0.555261,0.163111,0.210394,0.168187,0.462124
FL_CGoFed,FL_CGoFed (1).csv,4,1,1,,,0.513883,0.149602,0.194355,0.154131,0.423066
FL_CGoFed,FL_CGoFed (1).csv,4,2,2,,,0.509754,0.149243,0.192705,0.151879,0.416747
FL_CGoFed,FL_CGoFed (1).csv,4,3,3,385.737,,0.509474,0.149276,0.192602,0.151719,0.4163
FL_CGoFed,FL_CGoFed (1).csv,4,4,4,,,0.508975,0.149473,0.192395,0.151579,0.415776
FL_CGoFed,FL_CGoFed (1).csv,4,5,5,,284.738,0.508981,0.149483,0.192401,0.151562,0.415731
FL_CGoFed,FL_CGoFed (1).csv,4,6,6,,285.944,0.508751,0.149594,0.192314,0.15149,0.415492
FL_CGoFed,FL_CGoFed (1).csv,4,7,7,,,0.508621,0.149645,0.19226,0.151448,0.415354
FL_CGoFed,FL_CGoFed (1).csv,4,8,8,,,0.508868,0.149568,0.192372,0.151497,0.415539
FL_CGoFed,FL_CGoFed (1).csv,4,9,9,,,0.508488,0.149704,0.192215,0.151406,0.415209
FL_CGoFed,FL_CGoFed (1).csv,4,10,10,,,0.50821,0.149827,0.192109,0.151354,0.414979
FL_CGoFed,FL_CGoFed (1).csv,4,11,11,,,0.508561,0.149684,0.192257,0.151409,0.415227
FL_CGoFed,FL_CGoFed (1).csv,4,12,12,,,0.508488,0.150045,0.192229,0.151395,0.415174
FL_CGoFed,FL_CGoFed (1).csv,4,13,13,,,0.508126,0.149905,0.192082,0.151329,0.414871
FL_CGoFed,FL_CGoFed (1).csv,4,14,14,,288.633,0.508239,0.149859,0.192135,0.151334,0.414926
FL_CGoFed,FL_CGoFed (1).csv,4,15,15,,289.073,0.508136,0.14991,0.192095,0.151322,0.414846
FL_CGoFed,FL_CGoFed (1).csv,4,16,16,372.538,288.875,0.508283,0.14986,0.192156,0.151344,0.414954
FL_CGoFed,FL_CGoFed (1).csv,4,17,17,,,0.508443,0.149821,0.192237,0.151366,0.415054
FL_CGoFed,FL_CGoFed (1).csv,4,18,18,,,0.508762,0.14998,0.192378,0.151445,0.415339
FL_CGoFed,FL_CGoFed (1).csv,4,19,19,,,0.508643,0.150006,0.192335,0.151416,0.41524
FL_CGoFed,FL_CGoFed (1).csv,5,0,0,,,0.495591,0.14927,0.188259,0.149281,0.406797
FL_CGoFed,FL_CGoFed (1).csv,5,1,1,,,0.489583,0.129177,0.164995,0.12978,0.400762
FL_CGoFed,FL_CGoFed (1).csv,5,2,2,389.526,,0.488589,0.129069,0.164372,0.129637,0.400214
FL_CGoFed,FL_CGoFed (1).csv,5,3,3,,,0.48808,0.129076,0.164067,0.129589,0.399961
FL_CGoFed,FL_CGoFed (1).csv,5,4,4,,,0.4871,0.128941,0.163608,0.129454,0.399417
FL_CGoFed,FL_CGoFed (1).csv,5,5,5,,,0.486759,0.128942,0.163444,0.12941,0.39924
FL_CGoFed,FL_CGoFed (1).csv,5,6,6,,,0.486654,0.128991,0.163351,0.129401,0.399212
FL_CGoFed,FL_CGoFed (1).csv,5,7,7,,,0.486568,0.12899,0.163273,0.129388,0.399177
FL_CGoFed,FL_CGoFed (1).csv,5,8,8,,,0.486113,0.128939,0.163081,0.12933,0.398933
FL_CGoFed,FL_CGoFed (1).csv,5,9,9,,,0.485647,0.128882,0.162907,0.129261,0.39867
FL_CGoFed,FL_CGoFed (1).csv,5,10,10,,,0.48574,0.128936,0.162913,0.129276,0.398737
FL_CGoFed,FL_CGoFed (1).csv,5,11,11,,,0.485396,0.128897,0.162772,0.129227,0.39855
FL_CGoFed,FL_CGoFed (1).csv,5,12,12,,,0.485362,0.128909,0.16276,0.129222,0.398532
FL_CGoFed,FL_CGoFed (1).csv,5,13,13,,,0.485372,0.128916,0.162753,0.129224,0.398542
FL_CGoFed,FL_CGoFed (1).csv,5,14,14,,,0.485525,0.128959,0.162788,0.129245,0.398638
FL_CGoFed,FL_CGoFed (1).csv,5,15,15,,,0.484897,0.128858,0.162579,0.129156,0.398276
FL_CGoFed,FL_CGoFed (1).csv,5,16,16,,,0.485001,0.128915,0.162616,0.129176,0.398346
FL_CGoFed,FL_CGoFed (1).csv,5,17,17,,30.481,0.485396,0.128969,0.162736,0.12923,0.398576
FL_CGoFed,FL_CGoFed (1).csv,5,18,18,,,0.485201,0.128957,0.162675,0.129202,0.398463
FL_CGoFed,FL_CGoFed (1).csv,5,19,19,,,0.485444,0.128997,0.162752,0.129238,0.39861
FL_DER,Fed_DER (1).csv,0,0,0,1.84876298,3.049876371,0.769877786,0.128312964,0.166666667,0.144996412,0.6697771
FL_DER,Fed_DER (1).csv,0,1,1,1.020344308,2.865838674,0.963787342,0.324160945,0.328455811,0.326222871,0.948928512
FL_DER,Fed_DER (1).csv,0,2,2,0.701983469,2.75369236,0.966084195,0.322164258,0.331468612,0.32674889,0.951188001
FL_DER,Fed_DER (1).csv,0,3,3,0.623127832,2.647846489,0.966172066,0.321683551,0.331768148,0.326648033,0.951276156
FL_DER,Fed_DER (1).csv,0,4,4,0.599107186,2.610140289,0.958036667,0.314956352,0.330234688,0.322346486,0.943361213
FL_DER,Fed_DER (1).csv,0,5,5,0.572814778,2.567608352,0.968107671,0.322635578,0.33240284,0.327446145,0.953181231
FL_DER,Fed_DER (1).csv,0,6,6,0.553816843,2.533074633,0.942185696,0.304086457,0.326877096,0.314606331,0.928253809
FL_DER,Fed_DER (1).csv,0,7,7,0.53609644,2.481822182,0.877532091,0.436135326,0.39986295,0.399762302,0.879408427
FL_DER,Fed_DER (1).csv,0,8,8,0.539998312,2.446311433,0.883534176,0.432633581,0.410252,0.407669163,0.8853395
FL_DER,Fed_DER (1).csv,0,9,9,0.527927615,2.410346498,0.905443371,0.439974885,0.400167716,0.403847893,0.904254942
FL_DER,Fed_DER (1).csv,0,10,10,0.527337265,2.36666776,0.81653246,0.411534666,0.382251363,0.372257042,0.826687735
FL_DER,Fed_DER (1).csv,0,11,11,0.520168562,2.297527368,0.813420358,0.411120992,0.385362496,0.374506726,0.824063325
FL_DER,Fed_DER (1).csv,0,12,12,3.493852249,3.135059204,0.392334711,0.106759172,0.218165637,0.095606702,0.43448758
FL_DER,Fed_DER (1).csv,0,13,13,3.277355524,2.697778995,0.769877786,0.128312964,0.166666667,0.144996412,0.6697771
FL_DER,Fed_DER (1).csv,0,14,14,3.070719551,2.302084938,0.769877786,0.128312964,0.166666667,0.144996412,0.6697771
FL_DER,Fed_DER (1).csv,0,15,15,2.875544337,1.956119186,0.769877786,0.128312964,0.166666667,0.144996412,0.6697771
FL_DER,Fed_DER (1).csv,0,16,16,2.692132391,1.662277024,0.769877786,0.128312964,0.166666667,0.144996412,0.6697771
FL_DER,Fed_DER (1).csv,0,17,17,2.523198893,1.417801801,0.769877786,0.128312964,0.166666667,0.144996412,0.6697771
FL_DER,Fed_DER (1).csv,0,18,18,2.367764988,1.216631168,0.769877786,0.128312964,0.166666667,0.144996412,0.6697771
FL_DER,Fed_DER (1).csv,0,19,19,2.224372298,1.050503077,0.769877786,0.128312964,0.166666667,0.144996412,0.6697771
FL_DER,Fed_DER (1).csv,1,0,0,7.701153172,2.6711002,0.014310785,0.127914106,0.087314342,0.015412596,0.002881729
FL_DER,Fed_DER (1).csv,1,1,1,0.063664981,2.271546859,0.348980987,0.149549504,0.117155343,0.069337847,0.192396998
FL_DER,Fed_DER (1).csv,1,2,2,0.042449957,2.25404736,0.350231073,0.141565801,0.0996786,0.051368394,0.197720526
FL_DER,Fed_DER (1).csv,1,3,3,0.044150312,2.244342858,0.34634032,0.125596357,0.146395858,0.051256565,0.19253627
FL_DER,Fed_DER (1).csv,1,4,4,0.04613586,2.224459959,0.345370722,0.116420765,0.155408118,0.04952883,0.19097811
FL_DER,Fed_DER (1).csv,1,5,5,0.048078764,2.182034694,0.369643908,0.130615719,0.167284547,0.065451369,0.230914724
FL_DER,Fed_DER (1).csv,1,6,6,0.047152997,2.142647708,0.345374565,0.119047542,0.157454122,0.049391751,0.192524579
FL_DER,Fed_DER (1).csv,1,7,7,0.043910187,2.111882185,0.194321472,0.025426117,0.158657347,0.030491568,0.065974158
FL_DER,Fed_DER (1).csv,1,8,8,0.04040109,2.076292746,0.194321472,0.024704175,0.16375855,0.030611167,0.065943172
FL_DER,Fed_DER (1).csv,1,9,9,0.037007153,2.050171772,0.194344192,0.024212384,0.168978241,0.030971125,0.065948131
FL_DER,Fed_DER (1).csv,1,10,10,0.033459298,2.039851592,0.194308943,0.025587767,0.161268324,0.030356404,0.065813998
FL_DER,Fed_DER (1).csv,1,11,11,0.030553332,2.040961778,0.194298251,0.024316388,0.161544662,0.030446214,0.065622673
FL_DER,Fed_DER (1).csv,1,12,12,2.517461071,1.663285101,0.366272702,0.059570481,0.166090026,0.087677245,0.196755631
FL_DER,Fed_DER (1).csv,1,13,13,1.553122587,1.740289796,0.366269027,0.05954292,0.166090943,0.087647,0.196754385
FL_DER,Fed_DER (1).csv,1,14,14,1.415746408,1.817148867,0.36625015,0.062364855,0.166662865,0.08859854,0.196787921
FL_DER,Fed_DER (1).csv,1,15,15,1.402175028,1.874641651,0.366208385,0.062846694,0.168181106,0.090349412,0.196848662
FL_DER,Fed_DER (1).csv,1,16,16,1.410975658,1.921646444,0.366214399,0.120045219,0.16994078,0.091065472,0.197075063
FL_DER,Fed_DER (1).csv,1,17,17,1.425771823,1.962718833,0.366194185,0.103486724,0.171004136,0.091506447,0.197182354
FL_DER,Fed_DER (1).csv,1,18,18,1.442179127,1.99945476,0.366182826,0.08548462,0.171392496,0.091628598,0.197224259
FL_DER,Fed_DER (1).csv,1,19,19,1.458234257,2.032595986,0.366198863,0.093577056,0.171658013,0.091746231,0.197297729
FL_DER,Fed_DER (1).csv,2,0,0,37.42220973,7.243615167,0.115212166,0.073217955,0.140962742,0.039700856,0.026843804
FL_DER,Fed_DER (1).csv,2,1,1,2.255232211,5.224602148,0.129128714,0.050769254,0.154671284,0.055286658,0.033766841
FL_DER,Fed_DER (1).csv,2,2,2,1.055096861,4.896290465,0.129242274,0.098279426,0.166408974,0.054480489,0.033503866
FL_DER,Fed_DER (1).csv,2,3,3,0.75464483,4.818188597,0.128914914,0.13730045,0.171459619,0.044224037,0.032089229
FL_DER,Fed_DER (1).csv,2,4,4,0.616713488,4.805377437,0.128831545,0.127922404,0.158774384,0.041818389,0.031814335
FL_DER,Fed_DER (1).csv,2,5,5,0.565442929,4.796110362,0.129025514,0.10242261,0.158294907,0.041721587,0.032181029
FL_DER,Fed_DER (1).csv,2,6,6,0.519212111,4.79337503,0.240903699,0.08776922,0.211784895,0.090004233,0.133491565
FL_DER,Fed_DER (1).csv,2,7,7,0.452542402,4.792356834,0.12700196,0.02861866,0.15652082,0.039751585,0.030752157
FL_DER,Fed_DER (1).csv,2,8,8,0.412006238,4.820226316,0.127359905,0.072522384,0.155734005,0.041262568,0.031461251
FL_DER,Fed_DER (1).csv,2,9,9,0.355082933,4.858908789,0.127062834,0.04510492,0.155592478,0.041134474,0.03109272
FL_DER,Fed_DER (1).csv,2,10,10,0.328453549,4.80796304,0.126985187,0.037732372,0.146945073,0.040982282,0.030958507
FL_DER,Fed_DER (1).csv,2,11,11,0.312636256,4.765916561,0.12694444,0.036275108,0.131194243,0.041342658,0.030737044
FL_DER,Fed_DER (1).csv,2,12,12,2.388423797,5.555983916,0.139301441,0.031884704,0.157676472,0.051587042,0.03517153
FL_DER,Fed_DER (1).csv,2,13,13,1.6421475,6.72848635,0.140426383,0.030268571,0.165926546,0.050476474,0.035244485
FL_DER,Fed_DER (1).csv,2,14,14,1.556086402,7.280995622,0.140388694,0.037542837,0.166048463,0.049625067,0.035179395
FL_DER,Fed_DER (1).csv,2,15,15,1.549088851,7.603952694,0.140378039,0.030266028,0.167122818,0.050640174,0.035249098
FL_DER,Fed_DER (1).csv,2,16,16,1.55384538,7.813986939,0.140389286,0.084344506,0.168708532,0.051374295,0.035320458
FL_DER,Fed_DER (1).csv,2,17,17,1.559336728,7.952612317,0.140412768,0.07786797,0.17194795,0.052141968,0.035372018
FL_DER,Fed_DER (1).csv,2,18,18,1.562092194,8.042294681,0.140431119,0.064658816,0.173814451,0.052484148,0.035401862
FL_DER,Fed_DER (1).csv,2,19,19,1.562466987,8.101462549,0.14044207,0.061667045,0.174703803,0.052631964,0.035426386
FL_DER,Fed_DER (1).csv,3,0,0,68.07078308,8.741067756,0.221563253,0.080558128,0.166529534,0.067755742,0.095912949
FL_DER,Fed_DER (1).csv,3,1,1,2.955403594,7.201982908,0.110096149,0.084960123,0.137400263,0.047317842,0.02795364
FL_DER,Fed_DER (1).csv,3,2,2,0.816476035,6.705000143,0.109525561,0.083507574,0.139762811,0.045836269,0.02744382
FL_DER,Fed_DER (1).csv,3,3,3,0.703114953,6.429344831,0.109202343,0.094093745,0.142050148,0.042328141,0.027098738
FL_DER,Fed_DER (1).csv,3,4,4,0.615414228,6.265403382,0.109160677,0.094267469,0.136975796,0.040372765,0.027009428
FL_DER,Fed_DER (1).csv,3,5,5,0.53539406,6.091028854,0.109150029,0.090158966,0.134165723,0.039965069,0.026989911
FL_DER,Fed_DER (1).csv,3,6,6,0.488842622,5.98288693,0.109219858,0.086849008,0.133669903,0.040997232,0.027085684
FL_DER,Fed_DER (1).csv,3,7,7,0.450070715,5.866025617,0.109204349,0.084606667,0.133670709,0.040921797,0.027043203
FL_DER,Fed_DER (1).csv,3,8,8,0.427040565,5.788346259,0.109113456,0.089257362,0.133589818,0.039972811,0.02692629
FL_DER,Fed_DER (1).csv,3,9,9,0.399703813,5.686547639,0.109224951,0.085939025,0.132598737,0.041665526,0.027056882
FL_DER,Fed_DER (1).csv,3,10,10,0.378059669,5.628923699,0.10945118,0.08136445,0.128455419,0.043505166,0.027276018
FL_DER,Fed_DER (1).csv,3,11,11,0.403323939,5.47331179,0.109195244,0.079436846,0.124654582,0.041124143,0.027042692
FL_DER,Fed_DER (1).csv,3,12,12,2.350446708,6.593617859,0.073836208,0.003758427,0.050070198,0.006895722,0.010431281
FL_DER,Fed_DER (1).csv,3,13,13,1.99136475,8.232046175,0.095593639,0.026180486,0.101281248,0.036399391,0.02599967
FL_DER,Fed_DER (1).csv,3,14,14,1.975477094,9.120611836,0.095800655,0.067736856,0.108964493,0.038593016,0.026465624
FL_DER,Fed_DER (1).csv,3,15,15,1.971506096,9.669102391,0.096037764,0.087743152,0.112518661,0.043968831,0.027044061
FL_DER,Fed_DER (1).csv,3,16,16,1.963707847,10.02345069,0.096257898,0.086568347,0.118516306,0.05331319,0.027386152
FL_DER,Fed_DER (1).csv,3,17,17,1.952107355,10.26079268,0.096435594,0.08575889,0.123020629,0.059339267,0.027639561
FL_DER,Fed_DER (1).csv,3,18,18,1.937512965,10.42347608,0.096637672,0.07985021,0.126400871,0.061936981,0.027811614
FL_DER,Fed_DER (1).csv,3,19,19,1.922512611,10.53837479,0.097245297,0.073394585,0.134001148,0.065312482,0.028077615
FL_DER,Fed_DER (1).csv,4,0,0,71.27694048,7.816661493,0.098280104,0.064295946,0.126479539,0.055245488,0.026142597
FL_DER,Fed_DER (1).csv,4,1,1,28.63222677,6.255732618,0.096495328,0.078638333,0.126310376,0.060932937,0.029991676
FL_DER,Fed_DER (1).csv,4,2,2,4.254363917,5.937685763,0.096729511,0.052082966,0.123749205,0.054703197,0.029970867
FL_DER,Fed_DER (1).csv,4,3,3,2.467792119,5.884625438,0.093866986,0.069317743,0.124851159,0.041039994,0.020661551
FL_DER,Fed_DER (1).csv,4,4,4,2.148630253,5.776881125,0.094137525,0.066288979,0.127232966,0.040821698,0.020639933
FL_DER,Fed_DER (1).csv,4,5,5,1.97012084,5.739223809,0.094280259,0.070132775,0.128839844,0.040930692,0.020651373
FL_DER,Fed_DER (1).csv,4,6,6,1.894326264,5.680181221,0.094334456,0.07179564,0.129710184,0.04080583,0.020609557
FL_DER,Fed_DER (1).csv,4,7,7,1.830444232,5.643186294,0.094156934,0.065716705,0.128443657,0.040753012,0.020569169
FL_DER,Fed_DER (1).csv,4,8,8,1.769561245,5.640663688,0.094193439,0.071682021,0.12899203,0.040772591,0.020576697
FL_DER,Fed_DER (1).csv,4,9,9,1.71641873,5.603624437,0.094087359,0.066101991,0.128211066,0.040782957,0.020574492
FL_DER,Fed_DER (1).csv,4,10,10,1.716160189,5.557042242,0.094113711,0.061238243,0.128159203,0.040724026,0.020611407
FL_DER,Fed_DER (1).csv,4,11,11,1.660080832,5.535849564,0.093843471,0.060845819,0.126481021,0.040075746,0.020489185
FL_DER,Fed_DER (1).csv,4,12,12,3.230791911,4.756749457,0.025387669,0.01589534,0.065266275,0.010263386,0.002513378
FL_DER,Fed_DER (1).csv,4,13,13,2.665587304,6.462907977,0.025805346,0.01154821,0.084292128,0.018709965,0.003414006
FL_DER,Fed_DER (1).csv,4,14,14,2.544545793,7.196519707,0.02580654,0.009089941,0.084655298,0.015675059,0.002812707
FL_DER,Fed_DER (1).csv,4,15,15,1.894326264,5.680181221,0.025387669,0.07179564,0.129710184,0.04080583,0.020609557
FL_DER,Fed_DER (1).csv,4,16,16,1.830444232,5.643186294,0.02580654,0.065716705,0.128443657,0.040753012,0.020569169
FL_DER,Fed_DER (1).csv,4,17,17,1.769561245,5.640663688,0.025805346,0.071682021,0.12899203,0.040772591,0.020576697
FL_DER,Fed_DER (1).csv,4,18,18,1.71641873,5.603624437,0.02580654,0.066101991,0.128211066,0.040782957,0.020574492
FL_DER,Fed_DER (1).csv,4,19,19,1.716160189,5.557042242,0.094113711,0.061238243,0.128159203,0.040724026,0.020611407
FL_DER,Fed_DER (1).csv,5,0,0,3.619922169,3.057364271,0.177463989,0.021998788,0.101844772,0.035212865,0.064143828
FL_DER,Fed_DER (1).csv,5,1,1,3.600570119,3.08600317,0.177207284,0.022638769,0.101590297,0.035167423,0.064017415
FL_DER,Fed_DER (1).csv,5,2,2,3.583169696,3.100101602,0.177081634,0.022555978,0.10144207,0.035123834,0.063931436
FL_DER,Fed_DER (1).csv,5,3,3,3.566829782,3.109823328,0.177040911,0.022604379,0.101381403,0.035100949,0.063883761
FL_DER,Fed_DER (1).csv,5,4,4,3.540084042,3.113723658,0.177023437,0.022426574,0.101342724,0.035082744,0.063852411
FL_DER,Fed_DER (1).csv,5,5,5,3.517036851,3.116828374,0.177027361,0.022444906,0.101330146,0.035074473,0.063834485
FL_DER,Fed_DER (1).csv,5,6,6,3.491476265,3.118100694,0.177039578,0.022729,0.101330947,0.035073021,0.063824503
FL_DER,Fed_DER (1).csv,5,7,7,3.472345193,3.119262364,0.177058385,0.02282302,0.101335383,0.035071397,0.063817631
FL_DER,Fed_DER (1).csv,5,8,8,3.451988316,3.121174007,0.177062013,0.026698326,0.101333524,0.035073576,0.063807983
FL_DER,Fed_DER (1).csv,5,9,9,3.431914863,3.122063364,0.177059347,0.029234634,0.101329288,0.035076177,0.063798821
FL_DER,Fed_DER (1).csv,5,10,10,3.422910206,3.122319274,0.177072157,0.029347485,0.101335222,0.035077154,0.063793693
FL_DER,Fed_DER (1).csv,5,11,11,3.403062384,3.1236557,0.177077932,0.02895801,0.101335971,0.035077884,0.063788226
FL_DER,Fed_DER (1).csv,5,12,12,3.377129369,3.126857611,0.177056016,0.028939296,0.101321828,0.035079935,0.063779129
FL_DER,Fed_DER (1).csv,5,13,13,3.373957265,3.126789449,0.177099108,0.030369052,0.101341825,0.035079395,0.063775474
FL_DER,Fed_DER (1).csv,5,14,14,3.354769173,3.126433622,0.177128133,0.034301494,0.101390394,0.035158965,0.063800117
FL_DER,Fed_DER (1).csv,5,15,15,3.311050006,3.128009654,0.177180703,0.038202376,0.101606302,0.03560008,0.063927146
FL_DER,Fed_DER (1).csv,5,16,16,3.297352289,3.126404173,0.177364254,0.035132243,0.102210714,0.036676377,0.064270947
FL_DER,Fed_DER (1).csv,5,17,17,3.271364555,3.126971918,0.17767464,0.030999057,0.103300122,0.038295084,0.064818231
FL_DER,Fed_DER (1).csv,5,18,18,3.252765228,3.128717487,0.178029303,0.030187255,0.104615373,0.03974739,0.065362892
FL_DER,Fed_DER (1).csv,5,19,19,3.23323999,3.128153284,0.178417211,0.029864983,0.106002045,0.040892547,0.065808801
FL_EWC,100 Clients(FedavgEWC).csv,0,0,0,0.79734577,0.347819036,0.770097464,0.295007825,0.166849956,0.145380586,0.670299116
FL_EWC,100 Clients(FedavgEWC).csv,0,1,1,1.542487189,0.098388363,0.983970846,0.495675686,0.470167599,0.481654627,0.978802611
FL_EWC,100 Clients(FedavgEWC).csv,0,2,2,0.642930512,0.068502264,0.988127638,0.494928114,0.494661888,0.494779583,0.983084296
FL_EWC,100 Clients(FedavgEWC).csv,0,3,3,0.564939914,0.063290663,0.988708563,0.495519258,0.495345628,0.495416631,0.983662751
FL_EWC,100 Clients(FedavgEWC).csv,0,4,4,0.535752807,0.062038674,0.988750058,0.494042955,0.496303079,0.495165102,0.983706072
FL_EWC,100 Clients(FedavgEWC).csv,0,5,5,0.526258811,0.060598868,0.988962413,0.494885997,0.49637169,0.495620833,0.983916879
FL_EWC,100 Clients(FedavgEWC).csv,0,6,6,0.518581687,0.059449724,0.989113747,0.495573409,0.496479861,0.496016702,0.984067272
FL_EWC,100 Clients(FedavgEWC).csv,0,7,7,0.499451649,0.059416798,0.989077134,0.495095094,0.496793113,0.495936492,0.984031528
FL_EWC,100 Clients(FedavgEWC).csv,0,8,8,0.504221545,0.058134009,0.989160123,0.519273267,0.496958996,0.4963504,0.984124889
FL_EWC,100 Clients(FedavgEWC).csv,0,9,9,0.483033972,0.059229342,0.989318779,0.642903481,0.501289299,0.504958154,0.984437173
FL_EWC,100 Clients(FedavgEWC).csv,0,10,10,0.491552681,0.057767901,0.989399328,0.651019303,0.505078495,0.511725191,0.984639492
FL_EWC,100 Clients(FedavgEWC).csv,0,11,11,0.476149263,0.057141215,0.989326102,0.650239381,0.505783952,0.511957705,0.984580248
FL_EWC,100 Clients(FedavgEWC).csv,0,12,12,0.463263308,0.057242845,0.98951893,0.652951197,0.50630179,0.514159531,0.984796523
FL_EWC,100 Clients(FedavgEWC).csv,0,13,13,0.471856519,0.056527433,0.989506726,0.652571236,0.505905042,0.513468942,0.984771784
FL_EWC,100 Clients(FedavgEWC).csv,0,14,14,0.465611852,0.055626485,0.989597038,0.654953649,0.509271954,0.519039182,0.984960604
FL_EWC,100 Clients(FedavgEWC).csv,0,15,15,0.452500265,0.055891261,0.989584833,0.65435832,0.508102077,0.517084643,0.984912053
FL_EWC,100 Clients(FedavgEWC).csv,0,16,16,0.45959702,0.055864446,0.989523812,0.653090806,0.509852256,0.519352246,0.984901073
FL_EWC,100 Clients(FedavgEWC).csv,0,17,17,0.450211409,0.055107776,0.989662941,0.655085773,0.511225083,0.522474639,0.985086273
FL_EWC,100 Clients(FedavgEWC).csv,0,18,18,0.442998097,0.054776512,0.989640973,0.654710209,0.510608812,0.521431717,0.98504679
FL_EWC,100 Clients(FedavgEWC).csv,0,19,19,0.43354296,0.054939396,0.989567747,0.654180564,0.512298776,0.523299446,0.985015402
FL_EWC,100 Clients(FedavgEWC).csv,1,0,0,0.34711433,0.106989719,0.988085843,0.628999386,0.542219467,0.544470658,0.985980815
FL_EWC,100 Clients(FedavgEWC).csv,1,1,1,0.024686975,0.05053397,0.984659842,0.647790251,0.535083636,0.532751796,0.981271434
FL_EWC,100 Clients(FedavgEWC).csv,1,2,2,0.01006498,0.061262118,0.982301501,0.622797269,0.559435969,0.52173499,0.976303691
FL_EWC,100 Clients(FedavgEWC).csv,1,3,3,0.01132344,0.071242123,0.981366819,0.536236742,0.546682599,0.514095656,0.975432863
FL_EWC,100 Clients(FedavgEWC).csv,1,4,4,0.007383529,0.082037748,0.980714462,0.498252154,0.557843434,0.519662934,0.974721654
FL_EWC,100 Clients(FedavgEWC).csv,1,5,5,0.00885145,0.100716534,0.980336913,0.497114396,0.556926098,0.518371142,0.974391683
FL_EWC,100 Clients(FedavgEWC).csv,1,6,6,0.006859835,0.128688791,0.973555243,0.494382004,0.549412284,0.511762362,0.967233566
FL_EWC,100 Clients(FedavgEWC).csv,1,7,7,0.008260362,0.140224651,0.9762634,0.495194275,0.54825059,0.513243668,0.970113434
FL_EWC,100 Clients(FedavgEWC).csv,1,8,8,0.00670179,0.189089712,0.957407532,0.488203881,0.522052749,0.489686438,0.947874109
FL_EWC,100 Clients(FedavgEWC).csv,1,9,9,0.008232092,0.192280553,0.961512452,0.489391004,0.524705232,0.494665616,0.953054471
FL_EWC,100 Clients(FedavgEWC).csv,1,10,10,0.00674833,0.355842361,0.935298066,0.48039978,0.486082876,0.442636394,0.911325385
FL_EWC,100 Clients(FedavgEWC).csv,1,11,11,0.007526248,0.391546606,0.932011391,0.478832596,0.477695168,0.431887706,0.903797246
FL_EWC,100 Clients(FedavgEWC).csv,1,12,12,0.006793691,0.56803633,0.930475303,0.475446753,0.477383653,0.427072612,0.900054673
FL_EWC,100 Clients(FedavgEWC).csv,1,13,13,0.007455218,0.667855795,0.930478979,0.479169301,0.474106741,0.426697806,0.900125089
FL_EWC,100 Clients(FedavgEWC).csv,1,14,14,0.006777002,0.815483777,0.93052943,0.395603264,0.479420152,0.428102954,0.900038771
FL_EWC,100 Clients(FedavgEWC).csv,1,15,15,0.007356254,0.884046142,0.930527926,0.395795959,0.477253481,0.427711658,0.899942769
FL_EWC,100 Clients(FedavgEWC).csv,1,16,16,0.006604423,1.075560471,0.930519573,0.395708562,0.478710167,0.427986076,0.900100088
FL_EWC,100 Clients(FedavgEWC).csv,1,17,17,0.007600256,1.174567698,0.930520576,0.395761824,0.476562618,0.427504268,0.89994607
FL_EWC,100 Clients(FedavgEWC).csv,1,18,18,0.006744221,1.329508458,0.93047831,0.395588071,0.477925629,0.427626745,0.900157901
FL_EWC,100 Clients(FedavgEWC).csv,1,19,19,0.007837352,1.508407618,0.930532103,0.396560953,0.477094118,0.427940368,0.900307133
FL_EWC,100 Clients(FedavgEWC).csv,2,0,0,0.441441549,7.025060111,0.407785268,0.183594918,0.281042798,0.165432766,0.247872676
FL_EWC,100 Clients(FedavgEWC).csv,2,1,1,0.223240834,8.276196666,0.408586599,0.151872482,0.284419613,0.152327673,0.247148459
FL_EWC,100 Clients(FedavgEWC).csv,2,2,2,0.187514959,8.900789508,0.408606627,0.165099373,0.286209225,0.162246652,0.270552726
FL_EWC,100 Clients(FedavgEWC).csv,2,3,3,0.183167714,9.052795954,0.408633167,0.160537056,0.28707471,0.161804824,0.266270218
FL_EWC,100 Clients(FedavgEWC).csv,2,4,4,0.039805663,9.035140125,0.408649743,0.132983063,0.29185757,0.164273797,0.274873517
FL_EWC,100 Clients(FedavgEWC).csv,2,5,5,0.161750551,9.794081597,0.408686741,0.139513488,0.291332084,0.165573861,0.274909806
FL_EWC,100 Clients(FedavgEWC).csv,2,6,6,0.189766061,9.832408699,0.408674901,0.150837553,0.290229729,0.16664991,0.274143132
FL_EWC,100 Clients(FedavgEWC).csv,2,7,7,0.1999357,9.870248635,0.408681018,0.134281779,0.29136046,0.16344919,0.270653734
FL_EWC,100 Clients(FedavgEWC).csv,2,8,8,0.028846,9.77107398,0.408671251,0.124491904,0.293378424,0.160233611,0.273443585
FL_EWC,100 Clients(FedavgEWC).csv,2,9,9,0.185891611,10.30374673,0.408711801,0.131392862,0.292357254,0.16330035,0.274527993
FL_EWC,100 Clients(FedavgEWC).csv,2,10,10,0.220557489,10.99302364,0.408681808,0.130451967,0.292073279,0.162911225,0.274411383
FL_EWC,100 Clients(FedavgEWC).csv,2,11,11,0.029780112,10.75418891,0.408680427,0.121422446,0.293758219,0.157252306,0.273542039
FL_EWC,100 Clients(FedavgEWC).csv,2,12,12,0.244200511,11.78619529,0.40865655,0.136638841,0.291748696,0.169005062,0.274758682
FL_EWC,100 Clients(FedavgEWC).csv,2,13,13,0.252345722,11.17034126,0.40868309,0.12889681,0.292111708,0.162270437,0.273820473
FL_EWC,100 Clients(FedavgEWC).csv,2,14,14,0.231848698,11.83909439,0.408681216,0.125769813,0.292762594,0.16070876,0.274053679
FL_EWC,100 Clients(FedavgEWC).csv,2,15,15,0.036486433,11.19287103,0.408689701,0.11951904,0.294333279,0.155433552,0.273008641
FL_EWC,100 Clients(FedavgEWC).csv,2,16,16,0.151107464,11.498522,0.408664542,0.133082594,0.292828649,0.167797219,0.274951234
FL_EWC,100 Clients(FedavgEWC).csv,2,17,17,0.255875794,11.51544297,0.408698284,0.122973261,0.293363542,0.158840981,0.273403044
FL_EWC,100 Clients(FedavgEWC).csv,2,18,18,0.027355338,11.14395543,0.408710814,0.118209782,0.294707411,0.153924161,0.27291753
FL_EWC,100 Clients(FedavgEWC).csv,2,19,19,0.277715761,12.52175222,0.408715353,0.122045529,0.293898798,0.158012113,0.274302733
FL_EWC,100 Clients(FedavgEWC).csv,3,0,0,1.128399818,23.28648422,0.194976693,0.089936695,0.17388594,0.075669802,0.073465051
FL_EWC,100 Clients(FedavgEWC).csv,3,1,1,0.118375618,23.33928287,0.201566275,0.112283636,0.200584765,0.098513017,0.082296856
FL_EWC,100 Clients(FedavgEWC).csv,3,2,2,0.236280433,23.74650662,0.200465143,0.119294451,0.18989146,0.094507922,0.077958481
FL_EWC,100 Clients(FedavgEWC).csv,3,3,3,0.096245675,22.95828196,0.201237347,0.105877754,0.200578404,0.091633047,0.077784083
FL_EWC,100 Clients(FedavgEWC).csv,3,4,4,0.218888586,23.60925576,0.200516299,0.073821773,0.191311453,0.093606894,0.077320515
FL_EWC,100 Clients(FedavgEWC).csv,3,5,5,0.239860544,23.14048247,0.200526176,0.078370994,0.190276998,0.095136948,0.079238355
FL_EWC,100 Clients(FedavgEWC).csv,3,6,6,0.091340843,22.56214241,0.200960193,0.108749719,0.201528042,0.093972351,0.076981607
FL_EWC,100 Clients(FedavgEWC).csv,3,7,7,0.089211844,22.65407829,0.200948388,0.062628338,0.203326361,0.090678317,0.076108517
FL_EWC,100 Clients(FedavgEWC).csv,3,8,8,0.226980718,22.97759844,0.200603875,0.072118669,0.19296614,0.093496621,0.07794817
FL_EWC,100 Clients(FedavgEWC).csv,3,9,9,0.0888603,23.01069966,0.201011427,0.100875407,0.204548231,0.09313191,0.076488803
FL_EWC,100 Clients(FedavgEWC).csv,3,10,10,0.234565223,23.31411826,0.200636204,0.107916343,0.193582214,0.094368575,0.078244056
FL_EWC,100 Clients(FedavgEWC).csv,3,11,11,0.088042443,23.07157545,0.201150389,0.102387191,0.205817504,0.096541902,0.077164669
FL_EWC,100 Clients(FedavgEWC).csv,3,12,12,0.241538651,23.46176754,0.200744072,0.102869861,0.19529883,0.095360599,0.077598627
FL_EWC,100 Clients(FedavgEWC).csv,3,13,13,0.088004534,23.12183353,0.201259183,0.084749544,0.207598571,0.097795401,0.07649581
FL_EWC,100 Clients(FedavgEWC).csv,3,14,14,0.087793678,23.37144325,0.201483097,0.080840261,0.209339605,0.097824842,0.07670094
FL_EWC,100 Clients(FedavgEWC).csv,3,15,15,0.245040856,23.4939458,0.20114684,0.080261433,0.200899473,0.099439818,0.077988775
FL_EWC,100 Clients(FedavgEWC).csv,3,16,16,0.086739062,23.44750571,0.201640038,0.080953541,0.211650432,0.099576033,0.076520487
FL_EWC,100 Clients(FedavgEWC).csv,3,17,17,0.087406755,23.55176671,0.201690268,0.076812596,0.211839232,0.099116274,0.07708503
FL_EWC,100 Clients(FedavgEWC).csv,3,18,18,0.255754407,24.19021067,0.201177163,0.084152222,0.201827925,0.10038401,0.076960873
FL_EWC,100 Clients(FedavgEWC).csv,3,19,19,0.085503966,24.55534698,0.201645362,0.08883558,0.211526213,0.101622064,0.076530429
FL_EWC,100 Clients(FedavgEWC).csv,4,0,0,1.753439877,27.55166687,0.02670826,0.007900738,0.083620811,0.010861813,0.002604538
FL_EWC,100 Clients(FedavgEWC).csv,4,1,1,0.917842873,28.0642441,0.027158634,0.022641425,0.084241526,0.010661113,0.002671448
FL_EWC,100 Clients(FedavgEWC).csv,4,2,2,0.855082141,27.57542211,0.027621476,0.007101023,0.09341729,0.012459852,0.002885972
FL_EWC,100 Clients(FedavgEWC).csv,4,3,3,0.835585778,27.40317071,0.027642154,0.007080379,0.093695253,0.012426989,0.002883629
FL_EWC,100 Clients(FedavgEWC).csv,4,4,4,0.761480326,28.36871165,0.027271508,0.014997184,0.085933513,0.011032609,0.002691288
FL_EWC,100 Clients(FedavgEWC).csv,4,5,5,0.786718709,28.29886052,0.027724047,0.007282554,0.09504754,0.012775059,0.002915912
FL_EWC,100 Clients(FedavgEWC).csv,4,6,6,0.730496047,28.76483867,0.027390577,0.015017348,0.088117911,0.011521374,0.002731876
FL_EWC,100 Clients(FedavgEWC).csv,4,7,7,0.783999753,28.90372864,0.027769062,0.007395084,0.095762356,0.012959047,0.002934333
FL_EWC,100 Clients(FedavgEWC).csv,4,8,8,0.729462581,29.23809077,0.027438355,0.014678282,0.088829353,0.012389656,0.002796
FL_EWC,100 Clients(FedavgEWC).csv,4,9,9,0.73203906,29.49913251,0.027485833,0.014271555,0.089663178,0.012071542,0.002793721
FL_EWC,100 Clients(FedavgEWC).csv,4,10,10,0.761628586,28.85675155,0.027873873,0.008632375,0.096255471,0.013143394,0.003025702
FL_EWC,100 Clients(FedavgEWC).csv,4,11,11,0.720743935,29.3011079,0.027503376,0.013317241,0.08995884,0.012452061,0.002818145
FL_EWC,100 Clients(FedavgEWC).csv,4,12,12,0.760244041,28.45845941,0.027909482,0.009002635,0.097552716,0.013547064,0.003117726
FL_EWC,100 Clients(FedavgEWC).csv,4,13,13,0.716105491,28.76919834,0.027501137,0.014912474,0.089916193,0.012566142,0.002817782
FL_EWC,100 Clients(FedavgEWC).csv,4,14,14,0.763675395,27.37509428,0.027915977,0.009191422,0.098135722,0.013735591,0.00317671
FL_EWC,100 Clients(FedavgEWC).csv,4,15,15,0.705702863,28.45574176,0.027563023,0.020794064,0.091038649,0.013417421,0.00288006
FL_EWC,100 Clients(FedavgEWC).csv,4,16,16,0.714965492,29.05509011,0.027600573,0.013724156,0.091650725,0.012880813,0.002862254
FL_EWC,100 Clients(FedavgEWC).csv,4,17,17,0.741616094,28.05355476,0.028099247,0.009924395,0.097291481,0.013665264,0.003399413
FL_EWC,100 Clients(FedavgEWC).csv,4,18,18,0.716827504,27.92380599,0.027630956,0.015246835,0.091974643,0.01322934,0.002905262
FL_EWC,100 Clients(FedavgEWC).csv,4,19,19,0.710941485,28.19719017,0.027618564,0.01520469,0.091604051,0.012868359,0.002875924
FL_EWC,100 Clients(FedavgEWC).csv,5,0,0,1.392543737,45.43690548,0.02681587,0.00580017,0.058718327,0.009833949,0.006140447
FL_EWC,100 Clients(FedavgEWC).csv,5,1,1,2.078358067,52.42158127,0.026791584,0.006810063,0.058680615,0.011216975,0.007034348
FL_EWC,100 Clients(FedavgEWC).csv,5,2,2,2.410819495,45.49762085,0.026824163,0.005532857,0.058731204,0.00945428,0.005894848
FL_EWC,100 Clients(FedavgEWC).csv,5,3,3,2.714201266,48.45269655,0.026817647,0.005751062,0.058721086,0.009764666,0.006095637
FL_EWC,100 Clients(FedavgEWC).csv,5,4,4,2.480004921,48.64984949,0.026816018,0.00604312,0.058718557,0.010174561,0.006360688
FL_EWC,100 Clients(FedavgEWC).csv,5,5,5,2.695248751,48.96206875,0.026815722,0.006180586,0.058718097,0.010365176,0.00648391
FL_EWC,100 Clients(FedavgEWC).csv,5,6,6,2.641207256,48.31441895,0.026817277,0.006249605,0.058720511,0.010460475,0.006545506
FL_EWC,100 Clients(FedavgEWC).csv,5,7,7,2.973208344,49.23838631,0.026805948,0.007167364,0.05870292,0.011690121,0.007339929
FL_EWC,100 Clients(FedavgEWC).csv,5,8,8,3.328332183,48.2738717,0.026810391,0.006940552,0.058709819,0.011392291,0.007147571
FL_EWC,100 Clients(FedavgEWC).csv,5,9,9,3.092782639,50.69270063,0.02677337,0.008943413,0.058652331,0.013897653,0.008764846
FL_EWC,100 Clients(FedavgEWC).csv,5,10,10,3.488238275,49.18570248,0.0267884,0.00892958,0.058675671,0.013883686,0.008755821
FL_EWC,100 Clients(FedavgEWC).csv,5,11,11,3.16303055,50.43642186,0.026776183,0.009200492,0.0586567,0.014201184,0.008960671
FL_EWC,100 Clients(FedavgEWC).csv,5,12,12,2.790210357,50.32278004,0.026772111,0.009337308,0.058650376,0.014360105,0.009063199
FL_EWC,100 Clients(FedavgEWC).csv,5,13,13,3.12584423,49.95112417,0.026767817,0.009561955,0.058643708,0.014618958,0.009230185
FL_EWC,100 Clients(FedavgEWC).csv,5,14,14,3.267426516,50.83332343,0.026742642,0.011549901,0.058604616,0.016784838,0.010627001
FL_EWC,100 Clients(FedavgEWC).csv,5,15,15,2.902731216,50.97093818,0.026721318,0.014351588,0.058571503,0.019498504,0.012376396
FL_EWC,100 Clients(FedavgEWC).csv,5,16,16,2.980883459,50.02896254,0.026744271,0.014439266,0.058607146,0.019585571,0.012432502
FL_EWC,100 Clients(FedavgEWC).csv,5,17,17,3.213352742,50.5904833,0.026723539,0.015534283,0.058574952,0.020544209,0.013050375
FL_EWC,100 Clients(FedavgEWC).csv,5,18,18,2.931530372,50.9510883,0.026684593,0.016230066,0.058514475,0.021118194,0.013420316
FL_EWC,100 Clients(FedavgEWC).csv,5,19,19,2.866429744,50.81039254,0.026702215,0.016047923,0.058541839,0.020972723,0.013326556
FL_FedCBDR,FL_FedCBDR (1).csv,0,0,0,1.682999952,0.473235505,0.769877786,0.128312964,0.166666667,0.144996412,0.6697771
FL_FedCBDR,FL_FedCBDR (1).csv,0,1,1,2.154525061,0.107723424,0.982584436,0.495500302,0.465409995,0.47876617,0.977374065
FL_FedCBDR,FL_FedCBDR (1).csv,0,2,2,0.730696563,0.069837869,0.988000713,0.494205777,0.494574083,0.494377944,0.982958045
FL_FedCBDR,FL_FedCBDR (1).csv,0,3,3,0.590160961,0.063882059,0.988566993,0.494927901,0.495299887,0.495101834,0.983522028
FL_FedCBDR,FL_FedCBDR (1).csv,0,4,4,0.555428845,0.061903103,0.988657305,0.493388464,0.496207596,0.494788787,0.983614072
FL_FedCBDR,FL_FedCBDR (1).csv,0,5,5,0.54045861,0.060744011,0.988935564,0.494618318,0.496276909,0.495439917,0.983890056
FL_FedCBDR,FL_FedCBDR (1).csv,0,6,6,0.536909072,0.059434801,0.989030757,0.661709005,0.496452976,0.495887126,0.983988286
FL_FedCBDR,FL_FedCBDR (1).csv,0,7,7,0.507949139,0.059674614,0.989028316,0.518516786,0.496921402,0.495954171,0.983994021
FL_FedCBDR,FL_FedCBDR (1).csv,0,8,8,0.508877824,0.058270012,0.989165005,0.626140016,0.498956345,0.500249917,0.984204776
FL_FedCBDR,FL_FedCBDR (1).csv,0,9,9,0.491216956,0.058883613,0.98940665,0.651881507,0.505596732,0.512898319,0.984668782
FL_FedCBDR,FL_FedCBDR (1).csv,0,10,10,0.497855989,0.057423137,0.989360274,0.651775685,0.506711156,0.514014682,0.984648574
FL_FedCBDR,FL_FedCBDR (1).csv,0,11,11,0.482297685,0.057339024,0.989409091,0.653026606,0.50800973,0.516374946,0.984737352
FL_FedCBDR,FL_FedCBDR (1).csv,0,12,12,0.472272787,0.057540254,0.989562866,0.655531574,0.509787508,0.52041609,0.984953021
FL_FedCBDR,FL_FedCBDR (1).csv,0,13,13,0.483187839,0.05630382,0.989560425,0.653692303,0.508981912,0.518779535,0.984921859
FL_FedCBDR,FL_FedCBDR (1).csv,0,14,14,0.468363117,0.055536067,0.989658059,0.655335739,0.511686121,0.52329072,0.985095907
FL_FedCBDR,FL_FedCBDR (1).csv,0,15,15,0.459181417,0.055976988,0.989597038,0.653039349,0.50994995,0.520203116,0.984983383
FL_FedCBDR,FL_FedCBDR (1).csv,0,16,16,0.467278917,0.055774624,0.989614124,0.654803723,0.51152856,0.522762762,0.98504647
FL_FedCBDR,FL_FedCBDR (1).csv,0,17,17,0.452142559,0.055537378,0.989626328,0.654887236,0.511919139,0.523277453,0.985067456
FL_FedCBDR,FL_FedCBDR (1).csv,0,18,18,0.456473143,0.054881394,0.98968735,0.655563463,0.511982388,0.523830455,0.985133682
FL_FedCBDR,FL_FedCBDR (1).csv,0,19,19,0.436132882,0.054976713,0.989553102,0.653934072,0.513554411,0.524640418,0.985027412
FL_FedCBDR,FL_FedCBDR (1).csv,1,0,0,4.266433928,1.34291139,0.73245446,0.292263548,0.098794358,0.104697744,0.75120689
FL_FedCBDR,FL_FedCBDR (1).csv,1,1,1,0.139401239,0.079301818,0.981381687,0.731551302,0.557963487,0.545497278,0.975564449
FL_FedCBDR,FL_FedCBDR (1).csv,1,2,2,0.051552828,0.061459638,0.983201771,0.804163949,0.609226429,0.610111244,0.978050779
FL_FedCBDR,FL_FedCBDR (1).csv,1,3,3,0.044071858,0.052845908,0.982785799,0.781682609,0.594136113,0.588754141,0.977803489
FL_FedCBDR,FL_FedCBDR (1).csv,1,4,4,0.046086231,0.039789875,0.991880705,0.814435062,0.650283084,0.670218638,0.99119213
FL_FedCBDR,FL_FedCBDR (1).csv,1,5,5,0.044840844,0.035445239,0.995381047,0.793321933,0.674838979,0.690709983,0.995022876
FL_FedCBDR,FL_FedCBDR (1).csv,1,6,6,0.041098157,0.031968227,0.996202465,0.801554504,0.683750616,0.698442721,0.995864516
FL_FedCBDR,FL_FedCBDR (1).csv,1,7,7,0.040759123,0.030873318,0.996293344,0.765994294,0.684109141,0.698487799,0.995971742
FL_FedCBDR,FL_FedCBDR (1).csv,1,8,8,0.036684508,0.02925686,0.996738216,0.775286433,0.717022451,0.73669457,0.996538211
FL_FedCBDR,FL_FedCBDR (1).csv,1,9,9,0.036561551,0.029044414,0.99690143,0.76121749,0.73264389,0.745524074,0.996833137
FL_FedCBDR,FL_FedCBDR (1).csv,1,10,10,0.034239529,0.027649837,0.996888233,0.762001608,0.733481862,0.746259197,0.996876525
FL_FedCBDR,FL_FedCBDR (1).csv,1,11,11,0.032519174,0.025482781,0.997081351,0.768533024,0.738159139,0.751875202,0.997034422
FL_FedCBDR,FL_FedCBDR (1).csv,1,12,12,0.031446078,0.025574152,0.997058798,0.766655005,0.742721635,0.752910748,0.997065051
FL_FedCBDR,FL_FedCBDR (1).csv,1,13,13,0.028450322,0.028277554,0.996060132,0.762825642,0.746138976,0.75051462,0.996598865
FL_FedCBDR,FL_FedCBDR (1).csv,1,14,14,0.027649533,0.026836255,0.996254754,0.763938009,0.746985547,0.749279325,0.99670212
FL_FedCBDR,FL_FedCBDR (1).csv,1,15,15,0.026884895,0.027806114,0.995863841,0.763996202,0.747425014,0.748150903,0.996501026
FL_FedCBDR,FL_FedCBDR (1).csv,1,16,16,0.027507568,0.027482959,0.995624615,0.758663662,0.754118356,0.748889431,0.996429769
FL_FedCBDR,FL_FedCBDR (1).csv,1,17,17,0.027039428,0.027655927,0.995428324,0.757377679,0.755933733,0.746181873,0.996315598
FL_FedCBDR,FL_FedCBDR (1).csv,1,18,18,0.025608578,0.026839317,0.99570213,0.757114991,0.74997862,0.743492369,0.996419406
FL_FedCBDR,FL_FedCBDR (1).csv,1,19,19,0.026222299,0.030234022,0.994501158,0.752774214,0.756253289,0.740106545,0.99580932
FL_FedCBDR,FL_FedCBDR (1).csv,2,0,0,4.219461706,0.394350033,0.847583934,0.556116569,0.579561081,0.514948032,0.831914833
FL_FedCBDR,FL_FedCBDR (1).csv,2,1,1,0.500913865,0.486869146,0.858635836,0.679055338,0.610750258,0.556721744,0.82618793
FL_FedCBDR,FL_FedCBDR (1).csv,2,2,2,0.404795881,0.624048642,0.862574516,0.702051415,0.644598961,0.591800834,0.830487898
FL_FedCBDR,FL_FedCBDR (1).csv,2,3,3,0.374438361,0.775390771,0.865169421,0.702333095,0.644753695,0.599657495,0.834318567
FL_FedCBDR,FL_FedCBDR (1).csv,2,4,4,0.343048398,0.670844472,0.867018344,0.689371218,0.650036338,0.6043127,0.836814891
FL_FedCBDR,FL_FedCBDR (1).csv,2,5,5,0.32506998,0.712685977,0.866613534,0.681472363,0.652163958,0.605141695,0.836165285
FL_FedCBDR,FL_FedCBDR (1).csv,2,6,6,0.310943047,0.792354422,0.870857769,0.67934161,0.666023504,0.620377941,0.841078541
FL_FedCBDR,FL_FedCBDR (1).csv,2,7,7,0.319162254,0.718813281,0.869166902,0.682038484,0.662838926,0.615399109,0.839199291
FL_FedCBDR,FL_FedCBDR (1).csv,2,8,8,0.307611767,0.95226913,0.870873851,0.737580924,0.668444713,0.62026014,0.840921873
FL_FedCBDR,FL_FedCBDR (1).csv,2,9,9,0.329542727,0.784969047,0.871933874,0.679927191,0.668290906,0.623972478,0.842253762
FL_FedCBDR,FL_FedCBDR (1).csv,2,10,10,0.315630242,0.875928722,0.873240354,0.680013957,0.673606087,0.626527035,0.843381878
FL_FedCBDR,FL_FedCBDR (1).csv,2,11,11,0.305087005,0.874804159,0.873303497,0.732215283,0.673438863,0.624907376,0.843336771
FL_FedCBDR,FL_FedCBDR (1).csv,2,12,12,0.305863438,1.002282531,0.872115115,0.734403005,0.6715559,0.625243611,0.842134105
FL_FedCBDR,FL_FedCBDR (1).csv,2,13,13,0.345299685,0.954739758,0.875567392,0.732028282,0.676433177,0.632115479,0.84528141
FL_FedCBDR,FL_FedCBDR (1).csv,2,14,14,0.324343645,0.916297401,0.874691867,0.72854691,0.678994718,0.633366798,0.844456334
FL_FedCBDR,FL_FedCBDR (1).csv,2,15,15,0.316829547,0.858078933,0.876521353,0.717152472,0.675057551,0.631383906,0.846060305
FL_FedCBDR,FL_FedCBDR (1).csv,2,16,16,0.345987095,0.999872239,0.875490732,0.705447691,0.681986814,0.638556504,0.844959083
FL_FedCBDR,FL_FedCBDR (1).csv,2,17,17,0.350120329,1.018011279,0.874119727,0.679044837,0.677999592,0.631682799,0.843462741
FL_FedCBDR,FL_FedCBDR (1).csv,2,18,18,0.402242352,0.919412898,0.875333366,0.686661845,0.676573527,0.632282699,0.844818235
FL_FedCBDR,FL_FedCBDR (1).csv,2,19,19,0.383898559,1.011152067,0.876407004,0.717471387,0.682198581,0.638725462,0.845969633
FL_FedCBDR,FL_FedCBDR (1).csv,3,0,0,5.227010053,0.598179521,0.870825211,0.615242879,0.614692148,0.568318092,0.836763688
FL_FedCBDR,FL_FedCBDR (1).csv,3,1,1,0.589881899,2.831912186,0.680773327,0.491223673,0.514659595,0.416588008,0.583559303
FL_FedCBDR,FL_FedCBDR (1).csv,3,2,2,0.577728268,2.109848475,0.680825564,0.520134717,0.520603989,0.417388507,0.584081915
FL_FedCBDR,FL_FedCBDR (1).csv,3,3,3,0.525443211,1.768288163,0.701703385,0.60883001,0.561020965,0.452119844,0.611635986
FL_FedCBDR,FL_FedCBDR (1).csv,3,4,4,0.484079129,1.591364068,0.701775143,0.601920866,0.568700787,0.46428623,0.625742871
FL_FedCBDR,FL_FedCBDR (1).csv,3,5,5,0.459158735,1.434312818,0.701597987,0.602170567,0.574002541,0.472352159,0.634153633
FL_FedCBDR,FL_FedCBDR (1).csv,3,6,6,0.443420934,1.390125117,0.693371485,0.592094628,0.577085101,0.476952601,0.636528712
FL_FedCBDR,FL_FedCBDR (1).csv,3,7,7,0.415355355,1.322645836,0.686851964,0.587270924,0.579267921,0.484823418,0.640457347
FL_FedCBDR,FL_FedCBDR (1).csv,3,8,8,0.413180296,1.274771514,0.663865396,0.589977144,0.586032997,0.489503429,0.6268333
FL_FedCBDR,FL_FedCBDR (1).csv,3,9,9,0.414991192,1.293548913,0.660383611,0.586054846,0.587371364,0.488723058,0.620816609
FL_FedCBDR,FL_FedCBDR (1).csv,3,10,10,0.400719699,1.258607834,0.659613414,0.582569476,0.584117231,0.48246181,0.6201186
FL_FedCBDR,FL_FedCBDR (1).csv,3,11,11,0.393949647,1.28692071,0.655172624,0.58441301,0.58335628,0.47992468,0.613241062
FL_FedCBDR,FL_FedCBDR (1).csv,3,12,12,0.391296585,1.273037165,0.668716592,0.606079188,0.606409736,0.504388447,0.626896505
FL_FedCBDR,FL_FedCBDR (1).csv,3,13,13,0.390338302,1.283853479,0.654521019,0.595543477,0.591149506,0.481894375,0.609382696
FL_FedCBDR,FL_FedCBDR (1).csv,3,14,14,0.392955938,1.252643641,0.666556227,0.610115581,0.610644535,0.507523034,0.623077444
FL_FedCBDR,FL_FedCBDR (1).csv,3,15,15,0.405430193,1.246958782,0.664779186,0.597418995,0.597999755,0.492278667,0.623036874
FL_FedCBDR,FL_FedCBDR (1).csv,3,16,16,0.404845008,1.247482177,0.67047689,0.612530087,0.61668833,0.51232156,0.629309425
FL_FedCBDR,FL_FedCBDR (1).csv,3,17,17,0.403314391,1.263596466,0.660558067,0.593336402,0.596490168,0.490511648,0.617392811
FL_FedCBDR,FL_FedCBDR (1).csv,3,18,18,0.409847879,1.214980228,0.662466046,0.601121468,0.600903361,0.495065235,0.618477341
FL_FedCBDR,FL_FedCBDR (1).csv,3,19,19,0.434320466,1.255297452,0.663487396,0.600904292,0.603910109,0.494475586,0.620255098
FL_FedCBDR,FL_FedCBDR (1).csv,4,0,0,12.80382292,1.307523901,0.58965472,0.396230316,0.438077541,0.341808813,0.510777763
FL_FedCBDR,FL_FedCBDR (1).csv,4,1,1,2.509124938,3.386800781,0.550904373,0.431965161,0.426639092,0.351096884,0.457949233
FL_FedCBDR,FL_FedCBDR (1).csv,4,2,2,2.1601494,2.779527416,0.559021565,0.446247136,0.439503184,0.366863631,0.476222629
FL_FedCBDR,FL_FedCBDR (1).csv,4,3,3,2.011169271,2.388883946,0.583614416,0.451816331,0.447623094,0.383245068,0.517516596
FL_FedCBDR,FL_FedCBDR (1).csv,4,4,4,1.916161191,2.30034548,0.583259447,0.451709894,0.44676717,0.382313684,0.516226417
FL_FedCBDR,FL_FedCBDR (1).csv,4,5,5,1.825425079,2.093027083,0.587608438,0.446795672,0.450112538,0.379832615,0.514818058
FL_FedCBDR,FL_FedCBDR (1).csv,4,6,6,1.767901884,1.960999835,0.591670916,0.448224241,0.450608785,0.374705058,0.509602865
FL_FedCBDR,FL_FedCBDR (1).csv,4,7,7,1.675561667,1.90737897,0.590584881,0.440238772,0.452045399,0.3748184,0.50977254
FL_FedCBDR,FL_FedCBDR (1).csv,4,8,8,1.637889605,1.827190343,0.593080343,0.452434001,0.454850255,0.378351011,0.513106433
FL_FedCBDR,FL_FedCBDR (1).csv,4,9,9,1.592567649,1.664167378,0.594675802,0.459450131,0.458320666,0.380060083,0.515490822
FL_FedCBDR,FL_FedCBDR (1).csv,4,10,10,1.550552016,1.609664687,0.595900689,0.461148614,0.459716331,0.381803493,0.517654282
FL_FedCBDR,FL_FedCBDR (1).csv,4,11,11,1.504630112,1.592624011,0.595354835,0.459942328,0.461388232,0.382408839,0.517336439
FL_FedCBDR,FL_FedCBDR (1).csv,4,12,12,1.484891235,1.559740215,0.595097062,0.46433531,0.461339074,0.382224452,0.517615579
FL_FedCBDR,FL_FedCBDR (1).csv,4,13,13,1.450509446,1.510912797,0.598014082,0.501430052,0.46240411,0.38491686,0.524539209
FL_FedCBDR,FL_FedCBDR (1).csv,4,14,14,1.442057877,1.417561946,0.599139085,0.484347741,0.464479348,0.386042498,0.526555631
FL_FedCBDR,FL_FedCBDR (1).csv,4,15,15,1.422707563,1.456104149,0.596494992,0.482107817,0.464578764,0.385544133,0.522040399
FL_FedCBDR,FL_FedCBDR (1).csv,4,16,16,1.405404518,1.384473242,0.596884525,0.483804723,0.465381974,0.386555,0.523374606
FL_FedCBDR,FL_FedCBDR (1).csv,4,17,17,1.394203865,1.359923433,0.596951787,0.483570081,0.466577647,0.388375096,0.522871972
FL_FedCBDR,FL_FedCBDR (1).csv,4,18,18,1.357890706,1.380853419,0.595589465,0.479045564,0.46544983,0.386153753,0.520979006
FL_FedCBDR,FL_FedCBDR (1).csv,4,19,19,1.367342672,1.31603229,0.59771555,0.481395043,0.466476026,0.388758323,0.526279006
FL_FedCBDR,FL_FedCBDR (1).csv,5,0,0,6.950335695,0.815010977,0.631246165,0.539150729,0.4579871,0.418083945,0.575218124
FL_FedCBDR,FL_FedCBDR (1).csv,5,1,1,4.009612249,1.386644706,0.575311546,0.500281216,0.409427298,0.353005192,0.509021748
FL_FedCBDR,FL_FedCBDR (1).csv,5,2,2,3.698089784,1.52975742,0.56820066,0.510716422,0.422511145,0.365989202,0.492275405
FL_FedCBDR,FL_FedCBDR (1).csv,5,3,3,4.08500255,1.24025834,0.599233172,0.519802241,0.442464568,0.383275451,0.53668973
FL_FedCBDR,FL_FedCBDR (1).csv,5,4,4,4.149150246,1.126604518,0.603172377,0.509863369,0.443196464,0.382925806,0.544563975
FL_FedCBDR,FL_FedCBDR (1).csv,5,5,5,4.206502651,1.076287639,0.604812935,0.506091007,0.447354843,0.38597403,0.54731146
FL_FedCBDR,FL_FedCBDR (1).csv,5,6,6,4.255597791,1.058466353,0.607398645,0.497288657,0.449147713,0.383641894,0.550018929
FL_FedCBDR,FL_FedCBDR (1).csv,5,7,7,4.321594703,1.06355406,0.605851306,0.494298471,0.448903005,0.382510756,0.548004211
FL_FedCBDR,FL_FedCBDR (1).csv,5,8,8,4.326551474,1.067126859,0.60647541,0.488295075,0.449632563,0.382375381,0.549357908
FL_FedCBDR,FL_FedCBDR (1).csv,5,9,9,4.368773278,1.075736072,0.604877204,0.48259898,0.449003054,0.378296067,0.548698724
FL_FedCBDR,FL_FedCBDR (1).csv,5,10,10,4.368276383,1.062028254,0.606294894,0.480851264,0.449664001,0.37920035,0.549603853
FL_FedCBDR,FL_FedCBDR (1).csv,5,11,11,4.403254316,1.059143722,0.608602352,0.478584274,0.450970171,0.381629791,0.55364849
FL_FedCBDR,FL_FedCBDR (1).csv,5,12,12,4.387784913,1.051666009,0.612391473,0.479407804,0.45016567,0.381164334,0.55323591
FL_FedCBDR,FL_FedCBDR (1).csv,5,13,13,4.382569758,1.083886176,0.609874919,0.475102539,0.448712499,0.376566125,0.545629277
FL_FedCBDR,FL_FedCBDR (1).csv,5,14,14,4.381488613,1.094458832,0.609741273,0.470353469,0.447217257,0.371209184,0.539741409
FL_FedCBDR,FL_FedCBDR (1).csv,5,15,15,4.39524133,1.060065403,0.61101347,0.469457189,0.448755349,0.373241325,0.543166574
FL_FedCBDR,FL_FedCBDR (1).csv,5,16,16,4.367183471,1.098331571,0.612939313,0.472327642,0.448260237,0.372758073,0.545050018
FL_FedCBDR,FL_FedCBDR (1).csv,5,17,17,4.422224018,1.163669536,0.609923343,0.467361651,0.447838463,0.368033716,0.536942585
FL_FedCBDR,FL_FedCBDR (1).csv,5,18,18,4.421046453,1.131051627,0.613440802,0.465325295,0.448552518,0.371783781,0.544740595
FL_FedCBDR,FL_FedCBDR (1).csv,5,19,19,4.463291633,1.171977908,0.611323782,0.460663997,0.449039602,0.369340988,0.540281172
FL_LWF,100 Clients(FedavgLWF).csv,0,0,0,1.88282233,3.555737254,0.0,0.0,0.0,0.0,0.0
FL_LWF,100 Clients(FedavgLWF).csv,0,1,1,1.824767221,3.504608919,2.68495e-05,0.071428571,2.49107e-06,4.98197e-06,5.36971e-05
FL_LWF,100 Clients(FedavgLWF).csv,0,2,2,1.76872655,3.422268932,0.003590511,0.076197876,0.000358749,0.000714136,0.007147371
FL_LWF,100 Clients(FedavgLWF).csv,0,3,3,1.715237423,3.336027882,0.051809779,0.076397587,0.005176624,0.00969624,0.097043956
FL_LWF,100 Clients(FedavgLWF).csv,0,4,4,1.666187644,3.252150063,0.256381029,0.076054908,0.025616556,0.038324713,0.383569485
FL_LWF,100 Clients(FedavgLWF).csv,0,5,5,1.619072367,3.169426512,0.517538828,0.082056611,0.056019587,0.066583199,0.615131106
FL_LWF,100 Clients(FedavgLWF).csv,0,6,6,1.575317868,3.086374342,0.63755855,0.081268956,0.069010796,0.074639934,0.689563522
FL_LWF,100 Clients(FedavgLWF).csv,0,7,7,1.535869196,3.002876056,0.723052252,0.075092221,0.07826483,0.076645709,0.708093943
FL_LWF,100 Clients(FedavgLWF).csv,0,8,8,1.500189919,2.918362094,0.742252088,0.072518655,0.087646979,0.07936835,0.672143227
FL_LWF,100 Clients(FedavgLWF).csv,0,9,9,1.466902453,2.833073643,0.756323668,0.085777086,0.10915494,0.09606418,0.665619105
FL_LWF,100 Clients(FedavgLWF).csv,0,10,10,1.438238194,2.747901153,0.769060097,0.096310939,0.124867237,0.108745637,0.669766805
FL_LWF,100 Clients(FedavgLWF).csv,0,11,11,1.416018093,2.664469578,0.769877786,0.096235193,0.125,0.108747609,0.669778947
FL_LWF,100 Clients(FedavgLWF).csv,0,12,12,1.394526867,2.578459583,0.769877786,0.128312964,0.166666667,0.144996412,0.6697771
FL_LWF,100 Clients(FedavgLWF).csv,0,13,13,1.378695108,2.496605849,0.769877786,0.128312964,0.166666667,0.144996412,0.6697771
FL_LWF,100 Clients(FedavgLWF).csv,0,14,14,1.365889441,2.408652874,0.769877786,0.128312964,0.166666667,0.144996412,0.6697771
FL_LWF,100 Clients(FedavgLWF).csv,0,15,15,1.35787886,2.323018456,0.769877786,0.128312964,0.166666667,0.144996412,0.6697771
FL_LWF,100 Clients(FedavgLWF).csv,0,16,16,1.354555873,2.239487605,0.769877786,0.128312964,0.166666667,0.144996412,0.6697771
FL_LWF,100 Clients(FedavgLWF).csv,0,17,17,1.352145227,2.153491039,0.769877786,0.128312964,0.166666667,0.144996412,0.6697771
FL_LWF,100 Clients(FedavgLWF).csv,0,18,18,1.355034339,2.075998458,0.769877786,0.128312964,0.166666667,0.144996412,0.6697771
FL_LWF,100 Clients(FedavgLWF).csv,0,19,19,1.358288421,1.996629215,0.769877786,0.128312964,0.166666667,0.144996412,0.6697771
FL_LWF,100 Clients(FedavgLWF).csv,1,0,0,2.685729563,2.932969816,0.385617713,0.089856417,0.163444966,0.093962154,0.346766067
FL_LWF,100 Clients(FedavgLWF).csv,1,1,1,1.79191678,2.427468632,0.761813087,0.174521986,0.214207882,0.179189574,0.730370653
FL_LWF,100 Clients(FedavgLWF).csv,1,2,2,1.330207653,1.88725552,0.950453793,0.264045598,0.272234983,0.267898298,0.934305432
FL_LWF,100 Clients(FedavgLWF).csv,1,3,3,1.060419101,1.577141596,0.950045172,0.266151508,0.269758713,0.267783895,0.932801958
FL_LWF,100 Clients(FedavgLWF).csv,1,4,4,0.983045138,1.455270387,0.949909856,0.266382564,0.268615129,0.267273039,0.932460692
FL_LWF,100 Clients(FedavgLWF).csv,1,5,5,0.901485321,1.360368541,0.950256833,0.312496975,0.268407158,0.267098109,0.932622169
FL_LWF,100 Clients(FedavgLWF).csv,1,6,6,0.847940893,1.316325296,0.950740296,0.275221237,0.255148911,0.254835349,0.933919958
FL_LWF,100 Clients(FedavgLWF).csv,1,7,7,0.753177468,1.223711489,0.960511782,0.24155797,0.240983329,0.241126725,0.953177796
FL_LWF,100 Clients(FedavgLWF).csv,1,8,8,0.738187699,1.226430772,0.970268066,0.26225708,0.274391915,0.26643725,0.964267757
FL_LWF,100 Clients(FedavgLWF).csv,1,9,9,0.717405659,1.183631208,0.969873645,0.262159037,0.274233064,0.265854424,0.964132135
FL_LWF,100 Clients(FedavgLWF).csv,1,10,10,0.710126709,1.172365344,0.968035352,0.249151522,0.260276312,0.251774611,0.96264541
FL_LWF,100 Clients(FedavgLWF).csv,1,11,11,0.700443331,1.181412445,0.966884832,0.248409815,0.259228528,0.250291863,0.961787841
FL_LWF,100 Clients(FedavgLWF).csv,1,12,12,0.689197063,1.150926174,0.965482056,0.236938015,0.246863874,0.237972143,0.960538538
FL_LWF,100 Clients(FedavgLWF).csv,1,13,13,0.683695845,1.14994629,0.96400945,0.236241392,0.245663139,0.236462863,0.959180683
FL_LWF,100 Clients(FedavgLWF).csv,1,14,14,0.716383253,1.180109014,0.961749172,0.235599976,0.243805234,0.23472646,0.956430775
FL_LWF,100 Clients(FedavgLWF).csv,1,15,15,0.678290517,1.14631934,0.959535335,0.245580232,0.252855275,0.243227588,0.953915887
FL_LWF,100 Clients(FedavgLWF).csv,1,16,16,0.672147969,1.162608841,0.958376295,0.23462378,0.240859314,0.231557282,0.952927706
FL_LWF,100 Clients(FedavgLWF).csv,1,17,17,0.70247299,1.166730597,0.958114851,0.234709107,0.240602585,0.231491709,0.952462319
FL_LWF,100 Clients(FedavgLWF).csv,1,18,18,0.696085206,1.168826185,0.956343214,0.24500101,0.250036884,0.240446247,0.950594468
FL_LWF,100 Clients(FedavgLWF).csv,1,19,19,0.685893,1.157711668,0.954605489,0.244471407,0.248544074,0.238739518,0.948516985
FL_LWF,100 Clients(FedavgLWF).csv,2,0,0,2.7090324,1.993715921,0.707213295,0.242100686,0.250821962,0.213636835,0.619902886
FL_LWF,100 Clients(FedavgLWF).csv,2,1,1,2.257316026,1.936506145,0.827306262,0.310078914,0.317353253,0.284415447,0.785910171
FL_LWF,100 Clients(FedavgLWF).csv,2,2,2,1.989328841,2.178187517,0.834487858,0.378449495,0.362475658,0.324275667,0.782792117
FL_LWF,100 Clients(FedavgLWF).csv,2,3,3,1.751576603,1.587449452,0.835318788,0.330579707,0.344756397,0.308452277,0.784184939
FL_LWF,100 Clients(FedavgLWF).csv,2,4,4,1.596022738,1.573381063,0.837766193,0.311068418,0.314195529,0.282313381,0.785457846
FL_LWF,100 Clients(FedavgLWF).csv,2,5,5,1.474128357,1.547868029,0.836350297,0.312883259,0.313884764,0.282291379,0.784132685
FL_LWF,100 Clients(FedavgLWF).csv,2,6,6,1.332335409,1.590100847,0.83293127,0.263743526,0.265013199,0.238148581,0.780730461
FL_LWF,100 Clients(FedavgLWF).csv,2,7,7,1.320294832,1.5753288,0.821665962,0.252603857,0.253159566,0.227487123,0.770198182
FL_LWF,100 Clients(FedavgLWF).csv,2,8,8,1.354944445,1.6958131,0.796440005,0.257792732,0.238895408,0.214670121,0.747033972
FL_LWF,100 Clients(FedavgLWF).csv,2,9,9,1.262971604,1.618069478,0.818610109,0.214643272,0.245492165,0.224670979,0.769432762
FL_LWF,100 Clients(FedavgLWF).csv,2,10,10,1.270987292,1.587742687,0.818501976,0.229768481,0.257649616,0.2380258,0.771865024
FL_LWF,100 Clients(FedavgLWF).csv,2,11,11,1.181972079,1.64341437,0.811725387,0.275408178,0.274214739,0.248451831,0.766303259
FL_LWF,100 Clients(FedavgLWF).csv,2,12,12,1.162105539,1.641954201,0.759586256,0.270865544,0.267243511,0.239634024,0.71510998
FL_LWF,100 Clients(FedavgLWF).csv,2,13,13,1.207152857,1.602015803,0.792521551,0.274975633,0.274035014,0.247502668,0.748935906
FL_LWF,100 Clients(FedavgLWF).csv,2,14,14,1.25481852,1.932684097,0.616489294,0.27063512,0.239249602,0.202368498,0.522569659
FL_LWF,100 Clients(FedavgLWF).csv,2,15,15,1.134016337,1.676404538,0.702610425,0.273783942,0.254004783,0.224603169,0.655447115
FL_LWF,100 Clients(FedavgLWF).csv,2,16,16,1.180486152,1.626991771,0.700629788,0.282978795,0.256922606,0.225148689,0.654403043
FL_LWF,100 Clients(FedavgLWF).csv,2,17,17,1.193541199,1.634124952,0.693108204,0.282036896,0.252449156,0.218893258,0.645714251
FL_LWF,100 Clients(FedavgLWF).csv,2,18,18,1.117584717,1.682278372,0.636856354,0.239572334,0.234438893,0.188755413,0.560019525
FL_LWF,100 Clients(FedavgLWF).csv,2,19,19,1.17572654,1.910445752,0.604625109,0.238068972,0.225096506,0.176177095,0.509863741
FL_LWF,100 Clients(FedavgLWF).csv,3,0,0,3.307957761,2.044992289,0.564608804,0.230500355,0.231203977,0.179395672,0.471759
FL_LWF,100 Clients(FedavgLWF).csv,3,1,1,3.006637336,2.024435458,0.63865172,0.25738495,0.244684452,0.197580074,0.547490884
FL_LWF,100 Clients(FedavgLWF).csv,3,2,2,2.742658593,2.0144673,0.660718094,0.260206234,0.271893154,0.216366286,0.567544899
FL_LWF,100 Clients(FedavgLWF).csv,3,3,3,2.51894689,2.031406226,0.660512389,0.233361237,0.271683639,0.216921077,0.570293657
FL_LWF,100 Clients(FedavgLWF).csv,3,4,4,2.324092812,2.042827812,0.614181314,0.254979301,0.301964785,0.231767034,0.516122077
FL_LWF,100 Clients(FedavgLWF).csv,3,5,5,2.09867411,2.065469328,0.60431874,0.244495693,0.299879176,0.234391735,0.517043226
FL_LWF,100 Clients(FedavgLWF).csv,3,6,6,1.945992543,2.088158628,0.562334861,0.258684934,0.296897898,0.220944189,0.478699138
FL_LWF,100 Clients(FedavgLWF).csv,3,7,7,1.835963975,2.129906179,0.50076958,0.278483281,0.271382037,0.204955578,0.432333441
FL_LWF,100 Clients(FedavgLWF).csv,3,8,8,1.71735368,2.16063916,0.39255402,0.248347724,0.218864534,0.149465285,0.315125583
FL_LWF,100 Clients(FedavgLWF).csv,3,9,9,1.625308456,2.190658742,0.370767192,0.202028955,0.210836273,0.140454326,0.292780494
FL_LWF,100 Clients(FedavgLWF).csv,3,10,10,1.543689179,2.200284151,0.232283909,0.203798193,0.183562147,0.10311357,0.139525419
FL_LWF,100 Clients(FedavgLWF).csv,3,11,11,1.491607411,2.219537969,0.201038046,0.157506676,0.175076116,0.080538734,0.083251103
FL_LWF,100 Clients(FedavgLWF).csv,3,12,12,1.450584818,2.239196209,0.200837279,0.130931728,0.167033002,0.076863441,0.082530039
FL_LWF,100 Clients(FedavgLWF).csv,3,13,13,1.366555671,2.240228411,0.200858421,0.092842458,0.166800606,0.076929218,0.082362382
FL_LWF,100 Clients(FedavgLWF).csv,3,14,14,1.312932203,2.236043877,0.200766911,0.129907032,0.165809881,0.075543162,0.081998492
FL_LWF,100 Clients(FedavgLWF).csv,3,15,15,1.263981106,2.243024245,0.200529957,0.129310499,0.163903628,0.074450366,0.081827442
FL_LWF,100 Clients(FedavgLWF).csv,3,16,16,1.295499421,2.254127615,0.200267926,0.131426863,0.162025182,0.074538292,0.081817911
FL_LWF,100 Clients(FedavgLWF).csv,3,17,17,1.268111301,2.256699666,0.200332199,0.133561575,0.162221165,0.075586395,0.082120542
FL_LWF,100 Clients(FedavgLWF).csv,3,18,18,1.289622991,2.272208795,0.199332223,0.126835966,0.156177333,0.06857887,0.080733918
FL_LWF,100 Clients(FedavgLWF).csv,3,19,19,1.273318811,2.28298107,0.198850598,0.120143239,0.153304332,0.064013612,0.079733979
FL_LWF,100 Clients(FedavgLWF).csv,4,0,0,3.632577369,2.849375755,0.191200654,0.038498174,0.131581868,0.05577719,0.074398773
FL_LWF,100 Clients(FedavgLWF).csv,4,1,1,3.601885696,2.931349074,0.190434503,0.038576104,0.130797,0.055712352,0.074214565
FL_LWF,100 Clients(FedavgLWF).csv,4,2,2,3.56686372,2.950486033,0.190276465,0.038534754,0.130653822,0.055631727,0.074010834
FL_LWF,100 Clients(FedavgLWF).csv,4,3,3,3.538256802,2.965986787,0.190111036,0.038547539,0.130473208,0.055590452,0.073871589
FL_LWF,100 Clients(FedavgLWF).csv,4,4,4,3.507700167,2.972197272,0.190096703,0.038547463,0.130450922,0.055581233,0.073848385
FL_LWF,100 Clients(FedavgLWF).csv,4,5,5,3.476338883,2.975133289,0.190073487,0.038542032,0.130421141,0.055565885,0.073823075
FL_LWF,100 Clients(FedavgLWF).csv,4,6,6,3.444255844,2.967879618,0.190096778,0.038571064,0.130441802,0.055570393,0.073866432
FL_LWF,100 Clients(FedavgLWF).csv,4,7,7,3.412795609,2.974378241,0.190020036,0.038588883,0.130341286,0.055550283,0.073791015
FL_LWF,100 Clients(FedavgLWF).csv,4,8,8,3.382880439,2.970896353,0.190055794,0.03857166,0.130376485,0.055545224,0.073806455
FL_LWF,100 Clients(FedavgLWF).csv,4,9,9,3.355039207,2.972992409,0.190043029,0.040327375,0.130352754,0.055537126,0.073778496
FL_LWF,100 Clients(FedavgLWF).csv,4,10,10,3.327790394,2.990773555,0.188996335,0.039781351,0.128834889,0.055952524,0.073887287
FL_LWF,100 Clients(FedavgLWF).csv,4,11,11,3.28868631,2.971694674,0.189964569,0.039523741,0.130231509,0.055675825,0.07396996
FL_LWF,100 Clients(FedavgLWF).csv,4,12,12,3.26554269,2.979087261,0.189833929,0.039062585,0.130049219,0.055927246,0.074305427
FL_LWF,100 Clients(FedavgLWF).csv,4,13,13,3.236167099,2.979729095,0.189682236,0.040384611,0.129831335,0.056144859,0.074471618
FL_LWF,100 Clients(FedavgLWF).csv,4,14,14,3.206161358,2.979006618,0.189523004,0.039668718,0.12959054,0.056346843,0.074666293
FL_LWF,100 Clients(FedavgLWF).csv,4,15,15,3.17795106,2.983447559,0.187601764,0.04012397,0.12661426,0.055739472,0.074298826
FL_LWF,100 Clients(FedavgLWF).csv,4,16,16,3.150367551,2.982140934,0.182558735,0.042706501,0.118693047,0.05351152,0.073032505
FL_LWF,100 Clients(FedavgLWF).csv,4,17,17,3.122125526,2.986662394,0.170836904,0.037900512,0.100376763,0.035884669,0.061958822
FL_LWF,100 Clients(FedavgLWF).csv,4,18,18,3.09313045,2.984753528,0.179094143,0.030558292,0.115091062,0.040116284,0.065247462
FL_LWF,100 Clients(FedavgLWF).csv,4,19,19,3.067889051,2.9868346,0.179474942,0.025200474,0.115931055,0.040275498,0.065482342
FL_LWF,100 Clients(FedavgLWF).csv,5,0,0,3.619922169,3.057364271,0.177463989,0.021998788,0.101844772,0.035212865,0.064143828
FL_LWF,100 Clients(FedavgLWF).csv,5,1,1,3.600570119,3.08600317,0.177207284,0.022638769,0.101590297,0.035167423,0.064017415
FL_LWF,100 Clients(FedavgLWF).csv,5,2,2,3.583169696,3.100101602,0.177081634,0.022555978,0.10144207,0.035123834,0.063931436
FL_LWF,100 Clients(FedavgLWF).csv,5,3,3,3.566829782,3.109823328,0.177040911,0.022604379,0.101381403,0.035100949,0.063883761
FL_LWF,100 Clients(FedavgLWF).csv,5,4,4,3.540084042,3.113723658,0.177023437,0.022426574,0.101342724,0.035082744,0.063852411
FL_LWF,100 Clients(FedavgLWF).csv,5,5,5,3.517036851,3.116828374,0.177027361,0.022444906,0.101330146,0.035074473,0.063834485
FL_LWF,100 Clients(FedavgLWF).csv,5,6,6,3.491476265,3.118100694,0.177039578,0.022729,0.101330947,0.035073021,0.063824503
FL_LWF,100 Clients(FedavgLWF).csv,5,7,7,3.472345193,3.119262364,0.177058385,0.02282302,0.101335383,0.035071397,0.063817631
FL_LWF,100 Clients(FedavgLWF).csv,5,8,8,3.451988316,3.121174007,0.177062013,0.026698326,0.101333524,0.035073576,0.063807983
FL_LWF,100 Clients(FedavgLWF).csv,5,9,9,3.431914863,3.122063364,0.177059347,0.029234634,0.101329288,0.035076177,0.063798821
FL_LWF,100 Clients(FedavgLWF).csv,5,10,10,3.422910206,3.122319274,0.177072157,0.029347485,0.101335222,0.035077154,0.063793693
FL_LWF,100 Clients(FedavgLWF).csv,5,11,11,3.403062384,3.1236557,0.177077932,0.02895801,0.101335971,0.035077884,0.063788226
FL_LWF,100 Clients(FedavgLWF).csv,5,12,12,3.377129369,3.126857611,0.177056016,0.028939296,0.101321828,0.035079935,0.063779129
FL_LWF,100 Clients(FedavgLWF).csv,5,13,13,3.373957265,3.126789449,0.177099108,0.030369052,0.101341825,0.035079395,0.063775474
FL_LWF,100 Clients(FedavgLWF).csv,5,14,14,3.354769173,3.126433622,0.177128133,0.034301494,0.101390394,0.035158965,0.063800117
FL_LWF,100 Clients(FedavgLWF).csv,5,15,15,3.311050006,3.128009654,0.177180703,0.038202376,0.101606302,0.03560008,0.063927146
FL_LWF,100 Clients(FedavgLWF).csv,5,16,16,3.297352289,3.126404173,0.177364254,0.035132243,0.102210714,0.036676377,0.064270947
FL_LWF,100 Clients(FedavgLWF).csv,5,17,17,3.271364555,3.126971918,0.17767464,0.030999057,0.103300122,0.038295084,0.064818231
FL_LWF,100 Clients(FedavgLWF).csv,5,18,18,3.252765228,3.128717487,0.178029303,0.030187255,0.104615373,0.03974739,0.065362892
FL_LWF,100 Clients(FedavgLWF).csv,5,19,19,3.23323999,3.128153284,0.178417211,0.029864983,0.106002045,0.040892547,0.065808801
FL_NICE,FL_NICE (1).csv,0,0,0,2.042916838229742,0.4926064919391993,0.7698777859411117,0.0226434642923856,0.0294117647058823,0.0255876021183521,0.6697770998582488
FL_NICE,FL_NICE (1).csv,0,1,1,2.2709730529352727,0.2773247522599349,0.9338843176930908,0.0564910065141452,0.0535599024184076,0.0547197234794778,0.9183037783385148
FL_NICE,FL_NICE (1).csv,0,2,2,0.9565200140651858,0.1398776367719055,0.9766531361440696,0.0871508915822333,0.0755292846808342,0.0798022562081919,0.9706426072489772
FL_NICE,FL_NICE (1).csv,0,3,3,0.7172060136766771,0.092896684146844,0.9853377301429614,0.0876035305023942,0.0847207056953343,0.0860690752981029,0.9802527082526308
FL_NICE,FL_NICE (1).csv,0,4,4,0.6268541378035435,0.080393442493569,0.9871464103434052,0.0876233141701716,0.0861684919958045,0.0868657983813403,0.9820923901271448
FL_NICE,FL_NICE (1).csv,0,5,5,0.5838257386463579,0.0792554668392611,0.9878274113905358,0.0875370858920344,0.0870894102369364,0.0873065769925838,0.98278401969091
FL_NICE,FL_NICE (1).csv,0,6,6,0.5728127584202034,0.077804001657747,0.9880422074197382,0.0875047668335894,0.0872806957872083,0.0873886180121312,0.9829994620691738
FL_NICE,FL_NICE (1).csv,0,7,7,0.5719926915904248,0.077219102776353,0.9881642506181488,0.0873375427259134,0.087372108533818,0.0873525789995233,0.9831215706341488
FL_NICE,FL_NICE (1).csv,0,8,8,0.5562217871150197,0.0763006436844322,0.9882814120886227,0.0873864535241707,0.0874053251796645,0.0873935599989778,0.9832383235884444
FL_NICE,FL_NICE (1).csv,0,9,9,0.5373567896735918,0.0792950021613087,0.988410777878938,0.0875231007690825,0.0874211796689975,0.0874689807901099,0.983367259815688
FL_NICE,FL_NICE (1).csv,0,10,10,0.5540408288821057,0.0747358109192736,0.9884840037979844,0.0874623878037596,0.0874734727693802,0.0874655397050437,0.9834404281581642
FL_NICE,FL_NICE (1).csv,0,11,11,0.5464301260050907,0.0760155604863444,0.9885596705809988,0.0874621359377912,0.0874941934150464,0.0874758827433678,0.9835158068240604
FL_NICE,FL_NICE (1).csv,0,12,12,0.5467705393244873,0.0752826735004247,0.9886255739081404,0.0874115550760322,0.0875294424228191,0.0874686303075482,0.9835816061777544
FL_NICE,FL_NICE (1).csv,0,13,13,0.5488874503626948,0.075020312803201,0.988618251316236,0.0874494544790548,0.0875251710681245,0.0874852562492064,0.9835743425881726
FL_NICE,FL_NICE (1).csv,0,14,14,0.5438054997714782,0.0746939854995136,0.9886621868676636,0.087443842295712,0.0875252537204613,0.0874825131455585,0.9836180001807716
FL_NICE,FL_NICE (1).csv,0,15,15,0.5465789077618985,0.0747102229656771,0.9886768320514728,0.0874588262373656,0.0875337964298506,0.0874942444278569,0.9836326550835344
FL_NICE,FL_NICE (1).csv,0,16,16,0.5397883876578838,0.0766695472595886,0.9887158858749644,0.0874528003044589,0.0875363534865224,0.0874925456112369,0.9836714555843664
FL_NICE,FL_NICE (1).csv,0,17,17,0.5617278544903899,0.0766878543352642,0.9887964343859152,0.0874835186728264,0.0875514065433747,0.087515336539455,0.983751639273629
FL_NICE,FL_NICE (1).csv,0,18,18,0.5738728461776875,0.0733368001785568,0.9888501333932158,0.0873712554125413,0.0875912449697455,0.0874797280834339,0.9838053287819848
FL_NICE,FL_NICE (1).csv,0,19,19,0.5585869455152381,0.0750757006309328,0.9889038324005164,0.0874712371238015,0.0875831856289335,0.0875252887445743,0.9838585931792972
FL_NICE,FL_NICE (1).csv,1,0,0,2.6876680726821567,1.15131120878928,0.964636915409787,0.2150615211712869,0.2177717758403515,0.2160154623984431,0.9636796112892796
FL_NICE,FL_NICE (1).csv,1,1,1,0.1313570298034395,0.402579296009437,0.9939685812935142,0.22699599986625,0.2107744935679843,0.2140653102372831,0.9927489135627316
FL_NICE,FL_NICE (1).csv,1,2,2,0.025702650139867,0.4377928732470208,0.9947455624702222,0.2252690687503674,0.2108329732609484,0.2138949779504311,0.9935339131810454
FL_NICE,FL_NICE (1).csv,1,3,3,0.0165777110271338,0.4297654133990705,0.994476601022254,0.233360129055324,0.2090478978789852,0.2123876317312437,0.9932808703278982
FL_NICE,FL_NICE (1).csv,1,4,4,0.0132646593839135,0.4142802422246336,0.995387728809346,0.2410471462732551,0.2248925684238727,0.2298719247743983,0.9948055849540473
FL_NICE,FL_NICE (1).csv,1,5,5,0.0113789240503814,0.3950793122974749,0.9956045685357204,0.2426416903369764,0.2276688822731977,0.2312773255991365,0.9950688581146808
FL_NICE,FL_NICE (1).csv,1,6,6,0.010742983579094,0.3516200396476947,0.99417155530549,0.2390948194522346,0.2249151350188101,0.2268813817876355,0.993611456559592
FL_NICE,FL_NICE (1).csv,1,7,7,0.0102289080556304,0.3060086060563435,0.9946334673574354,0.2372038955698014,0.2231233827741878,0.2221784120446643,0.9939663537289
FL_NICE,FL_NICE (1).csv,1,8,8,0.0097148510150193,0.2905570683589273,0.9944608976830558,0.2422305161888885,0.2284417029944102,0.230275476779484,0.9939363895993376
FL_NICE,FL_NICE (1).csv,1,9,9,0.0095612099228805,0.2388672844386236,0.9927318598032604,0.2401714723384329,0.2238052934957106,0.2260309929580546,0.992110737625921
FL_NICE,FL_NICE (1).csv,1,10,10,0.0095407532666155,0.232584524779603,0.992068811364139,0.237837622904933,0.2197336406668696,0.2203455602264619,0.9912956933922612
FL_NICE,FL_NICE (1).csv,1,11,11,0.0093493984675164,0.1969746922384356,0.9934219714439788,0.2388383102439409,0.2241880375597817,0.2256665042515676,0.9927965126491894
FL_NICE,FL_NICE (1).csv,1,12,12,0.0094043249090394,0.1903379553712561,0.9929694145728324,0.2414153259056196,0.2245510484031763,0.2271337211460229,0.992321272062359
FL_NICE,FL_NICE (1).csv,1,13,13,0.0090894673229882,0.1647862870042949,0.9904246383387336,0.2356149654483343,0.215324927571312,0.2163757011756083,0.989352308780188
FL_NICE,FL_NICE (1).csv,1,14,14,0.0089405019934905,0.1720677678040314,0.989475421601246,0.2339229174078062,0.2140201579781672,0.2146057760906144,0.9882958421428988
FL_NICE,FL_NICE (1).csv,1,15,15,0.0088026597962528,0.1810679523319709,0.9912913290170312,0.2293234218507657,0.2190790019526594,0.2199013306706851,0.99048292354724
FL_NICE,FL_NICE (1).csv,1,16,16,0.0088203843276046,0.1563540997971794,0.9934488675887756,0.2401814962775978,0.228779896065326,0.231911765750017,0.9929089625020132
FL_NICE,FL_NICE (1).csv,1,17,17,0.0086297345201706,0.1516417108055747,0.9931543464504106,0.2369185270348935,0.2246779981397186,0.2266063823156698,0.9925435836133
FL_NICE,FL_NICE (1).csv,1,18,18,0.0083915096891997,0.150287301388846,0.9922088049625224,0.2304388076640584,0.2260395611227505,0.2267328088461081,0.9916636771861016
FL_NICE,FL_NICE (1).csv,1,19,19,0.0083220054969942,0.1317340978638624,0.991655679897788,0.2342367317691283,0.2259095333349785,0.2280011925506986,0.9909874196929432
FL_NICE,FL_NICE (1).csv,2,0,0,4.014264182955483,0.9731335097879268,0.8457937152605497,0.2673490606303943,0.2598221929678842,0.2510716681089967,0.8282079792932756
FL_NICE,FL_NICE (1).csv,2,1,1,1.4322338217956028,0.3934008866510599,0.8452721887764068,0.2703495068864862,0.2566829658638337,0.2501893254298427,0.8273737618216982
FL_NICE,FL_NICE (1).csv,2,2,2,0.6642921571042922,0.4983765054586574,0.8509128834702052,0.2964687831118989,0.2922021367254683,0.2745399093223454,0.8473478724156079
FL_NICE,FL_NICE (1).csv,2,3,3,0.3509514904306371,0.6529521552192489,0.8521165579133653,0.3089156252776561,0.302092352269486,0.2890782480743986,0.8502295610481506
FL_NICE,FL_NICE (1).csv,2,4,4,0.2538756403069973,0.887807163519839,0.8587212774419274,0.302038846367216,0.2996461250135374,0.2788588991904882,0.8531685501184996
FL_NICE,FL_NICE (1).csv,2,5,5,0.2016664970662398,1.1434891158200955,0.8553239556570281,0.3075908776586613,0.3023723267903411,0.2842302781705405,0.8526326793005047
FL_NICE,FL_NICE (1).csv,2,6,6,0.1749381820977019,1.2843183639417717,0.8531417530886829,0.2969561727893575,0.2997921488957856,0.2779550609558864,0.8503513294797227
FL_NICE,FL_NICE (1).csv,2,7,7,0.1636883804109623,1.3568837516481769,0.8524635516032499,0.298424139787937,0.3026303774555471,0.2788386388976697,0.8497280534807752
FL_NICE,FL_NICE (1).csv,2,8,8,0.145759025011186,1.42380287662591,0.8584015144197732,0.3020469617295635,0.3024472942032606,0.2800039964740173,0.8556351416276795
FL_NICE,FL_NICE (1).csv,2,9,9,0.1453237450977844,1.4319712739687225,0.854880569349851,0.3314867927094818,0.3068378000770015,0.2857606775203676,0.8525135520901235
FL_NICE,FL_NICE (1).csv,2,10,10,0.1376814351409585,1.429084910674592,0.8504224354655374,0.3273962227579692,0.3021759142473095,0.2793360618832141,0.8474159171461703
FL_NICE,FL_NICE (1).csv,2,11,11,0.1240650100950029,1.3212340808774945,0.855904185935735,0.3317895372967624,0.3144600017113288,0.2918109563748111,0.8543613542251441
FL_NICE,FL_NICE (1).csv,2,12,12,0.1278103505015012,1.3306128056895274,0.8577199584317937,0.3392328849624271,0.3117583762865478,0.2935912341309049,0.8540004206565835
FL_NICE,FL_NICE (1).csv,2,13,13,0.1277216770521529,1.282681156271869,0.8548139726081189,0.3221694372118913,0.3043765362277503,0.2803024149865105,0.8520181137836227
FL_NICE,FL_NICE (1).csv,2,14,14,0.118179811486464,1.2762065435757033,0.8573703008722398,0.3336921510121909,0.3126502639957545,0.2931634070881887,0.8552076062585571
FL_NICE,FL_NICE (1).csv,2,15,15,0.123477806014066,1.2848758740560282,0.856299129279667,0.3326859689967066,0.3044461737831707,0.2838829072359612,0.8533429542401658
FL_NICE,FL_NICE (1).csv,2,16,16,0.1198611035413431,1.2490581023951544,0.8539729790873405,0.328455640450064,0.3066472671153506,0.284539325721422,0.8518828104212927
FL_NICE,FL_NICE (1).csv,2,17,17,0.1228071559451902,1.2072620346879488,0.8568206557638098,0.3370677550170877,0.3121040722977836,0.2935010406532182,0.8557453763722102
FL_NICE,FL_NICE (1).csv,2,18,18,0.1291762338198228,1.221050293082394,0.8575921913495075,0.3298821239833238,0.305054017426285,0.2820705452726599,0.854372995188864
FL_NICE,FL_NICE (1).csv,2,19,19,0.127763579412535,1.139326630038808,0.8554748096097816,0.3288476387992659,0.3059156513236188,0.2836705802184919,0.8537028359900085
FL_NICE,FL_NICE (1).csv,3,0,0,5.4708185471642015,2.687523400774889,0.688845974956768,0.3568347616322903,0.3355649993287151,0.3095500327235989,0.683476678024331
FL_NICE,FL_NICE (1).csv,3,1,1,0.9361752067005628,1.996224180084108,0.6901986434273013,0.3646069689906819,0.3396788939862791,0.3076200904569982,0.6814003361240581
FL_NICE,FL_NICE (1).csv,3,2,2,0.4240401463151634,1.7603422636155714,0.6857462801038371,0.3593323529928065,0.33606453703862,0.3068207824199057,0.6790475997117028
FL_NICE,FL_NICE (1).csv,3,3,3,0.3053578068300718,1.663026740984136,0.6806761073888059,0.3758807302730891,0.3431177321211063,0.3170981226063983,0.6745761944485906
FL_NICE,FL_NICE (1).csv,3,4,4,0.249882632695792,1.6216743637935729,0.6908856641369943,0.3834554195152498,0.3538953855116263,0.3268841018106677,0.6840795713919517
FL_NICE,FL_NICE (1).csv,3,5,5,0.2177275718029024,1.587439845722127,0.695837475467404,0.3849090053108059,0.3544942876894562,0.3271214263775996,0.6872011596221922
FL_NICE,FL_NICE (1).csv,3,6,6,0.2007540002514806,1.5715683259128563,0.6883408943676339,0.38235926494417,0.3537478853142478,0.325386080460729,0.6817770046911181
FL_NICE,FL_NICE (1).csv,3,7,7,0.1922280303902215,1.558702911872108,0.6940821159497136,0.3829011617409043,0.3541759764837532,0.3258544184271853,0.685304329761628
FL_NICE,FL_NICE (1).csv,3,8,8,0.185281145165117,1.5458227107961091,0.6952564707567135,0.387344146044725,0.3552341971348149,0.3238416417138217,0.6858377670201756
FL_NICE,FL_NICE (1).csv,3,9,9,0.1791429914852967,1.5405845041512998,0.6929064494454916,0.3922092877495141,0.3507821204426449,0.3233066115458728,0.6837795370255461
FL_NICE,FL_NICE (1).csv,3,10,10,0.1798850798728592,1.5301496210583885,0.6872200876707559,0.3889253899237367,0.3487903014385449,0.3196355381868391,0.6793245118740285
FL_NICE,FL_NICE (1).csv,3,11,11,0.1800347684631829,1.5200780981391415,0.6840863658487129,0.3940665255479761,0.3521281955889215,0.3224931511023491,0.6764737744996953
FL_NICE,FL_NICE (1).csv,3,12,12,0.1772737471357388,1.519182148656305,0.6944109661591376,0.3989867213089995,0.3556290466425799,0.3256131145577635,0.6863398501212141
FL_NICE,FL_NICE (1).csv,3,13,13,0.1771649119203775,1.5138024467425852,0.6857472831664185,0.3925123307656373,0.3544861184482766,0.3258293518118854,0.6780406042746621
FL_NICE,FL_NICE (1).csv,3,14,14,0.1730053140868642,1.5118156068742252,0.6858236702399356,0.3912261646082495,0.3529168901352179,0.3222982693948828,0.6783568699515303
FL_NICE,FL_NICE (1).csv,3,15,15,0.1735157739162727,1.5105340863740468,0.6914184446851109,0.3916772695605333,0.3522976037560543,0.3248478491835723,0.6845815862862045
FL_NICE,FL_NICE (1).csv,3,16,16,0.1725730162443178,1.5039967519845014,0.6874737081865647,0.3831082576805508,0.3494026403928383,0.3185682788065928,0.6790305938346854
FL_NICE,FL_NICE (1).csv,3,17,17,0.1729447850403662,1.499524394621833,0.6990228935917264,0.3900416766847847,0.3539505865446933,0.3284903504901363,0.6906795223858255
FL_NICE,FL_NICE (1).csv,3,18,18,0.1717537227093769,1.492878042279165,0.6883477614883844,0.3971570171051043,0.3544710569053256,0.326556062543021,0.6805800537664664
FL_NICE,FL_NICE (1).csv,3,19,19,0.1741894580758864,1.4916981769573878,0.6886697445770579,0.3922781016588261,0.351986238731392,0.3218389067660329,0.6807527861395959
FL_NICE,FL_NICE (1).csv,4,0,0,11.355890746415536,1.889613950614754,0.6608185169981096,0.3798538795467581,0.35863134897895,0.3175517934952598,0.6535399507986019
FL_NICE,FL_NICE (1).csv,4,1,1,8.969413559191919,1.84802332558466,0.6593924430998157,0.382805014832795,0.3460817744863376,0.3160446919483907,0.6527473938667043
FL_NICE,FL_NICE (1).csv,4,2,2,7.483287169185809,1.809758753911476,0.6620626643879942,0.3859707959061623,0.3354473502427502,0.3160976992065509,0.6560558305888615
FL_NICE,FL_NICE (1).csv,4,3,3,6.862307490730838,1.7725734260697552,0.6770225177538847,0.3930351731819864,0.36114255637312,0.3304853055741455,0.6629449774851548
FL_NICE,FL_NICE (1).csv,4,4,4,6.838049015772558,1.7347992282671167,0.6777299184899069,0.3878226386218181,0.3632822170199401,0.3306390252640246,0.6638314684890968
FL_NICE,FL_NICE (1).csv,4,5,5,7.167067685491862,1.6971969302990426,0.6787610842103243,0.3932277190310843,0.3613520534945501,0.3305431139120255,0.6644542378054014
FL_NICE,FL_NICE (1).csv,4,6,6,7.204134221575653,1.6622746131794146,0.6777129725246182,0.3956469892957711,0.3644347483008929,0.3326187238714356,0.6637359112112934
FL_NICE,FL_NICE (1).csv,4,7,7,6.967849043239496,1.6341153733013256,0.6814374269485192,0.4178703628116983,0.3764011228533713,0.3505546343747741,0.6694063780179974
FL_NICE,FL_NICE (1).csv,4,8,8,6.557187517949722,1.6143027833015466,0.6861086158737112,0.422671562521101,0.3898379587180868,0.3615340621661653,0.6760746477286256
FL_NICE,FL_NICE (1).csv,4,9,9,5.9606795931594645,1.6008631581622557,0.6845894511440729,0.4255794137579444,0.3929967957584221,0.3634068627002257,0.6750839933834716
FL_NICE,FL_NICE (1).csv,4,10,10,5.334647132820047,1.5922649733186895,0.6837456615156158,0.4219837053122892,0.3933132732876767,0.3635888073963765,0.675018257146307
FL_NICE,FL_NICE (1).csv,4,11,11,4.896383205445316,1.588243748128572,0.6857587227490028,0.4211739420943931,0.3956086313373448,0.3644926370683808,0.6765727625950819
FL_NICE,FL_NICE (1).csv,4,12,12,4.517620911624012,1.5866661870053336,0.684725392125531,0.4236171689566548,0.3950030787431558,0.3663796959059561,0.6758993901689054
FL_NICE,FL_NICE (1).csv,4,13,13,4.16974764578208,1.5877582324591155,0.6869423275051904,0.4255718255304433,0.3967803637706715,0.3666748903898399,0.6776438064932644
FL_NICE,FL_NICE (1).csv,4,14,14,3.954959389969111,1.5941130916264796,0.6846679848686714,0.4261900982709274,0.3981024024917644,0.3659960259655694,0.6751897587500336
FL_NICE,FL_NICE (1).csv,4,15,15,3.7855232865022552,1.60638223702596,0.6864314850361528,0.4298478112474382,0.3987872528616215,0.3686636088820207,0.6776209543050429
FL_NICE,FL_NICE (1).csv,4,16,16,3.6400520305577375,1.62474620069312,0.6851126111649724,0.424976843461547,0.3972496940462648,0.3656772528358085,0.6763137560108945
FL_NICE,FL_NICE (1).csv,4,17,17,3.543255581866412,1.6450480637405689,0.6872940869256353,0.4295302038303233,0.3981580533204797,0.36816089467162,0.677603053875588
FL_NICE,FL_NICE (1).csv,4,18,18,3.449316102387123,1.6685623396478704,0.6846969497785043,0.4276892645693865,0.397976220371442,0.3664449883306471,0.6755778261209106
FL_NICE,FL_NICE (1).csv,4,19,19,3.408864035051671,1.6844068609342422,0.6834975934862995,0.4259006531389112,0.3967042739005041,0.3652340382825139,0.6745042608335255
FL_NICE,FL_NICE (1).csv,5,0,0,6.221942855387318,1.7763729062648246,0.6788752008308152,0.4258893845971927,0.4065462520211546,0.3661981345002036,0.6711311697016049
FL_NICE,FL_NICE (1).csv,5,1,1,6.140193835813173,1.7755846699428988,0.6776268455906738,0.4268451324973715,0.4026566542339105,0.3655106211968325,0.6702147269356626
FL_NICE,FL_NICE (1).csv,5,2,2,6.195762641981345,1.7755846731244092,0.6789376185928223,0.4274237225604166,0.4049657832628427,0.3666104926731347,0.6716392170229137
FL_NICE,FL_NICE (1).csv,5,3,3,6.127665458487816,1.775584678330517,0.6794294824042256,0.4235463702919537,0.402233005822023,0.3652342070351189,0.6716360987509798
FL_NICE,FL_NICE (1).csv,5,4,4,5.968930665327579,1.7747961058531017,0.676711459123659,0.4247813141695526,0.4022438747128334,0.365255720202611,0.6701955759208033
FL_NICE,FL_NICE (1).csv,5,5,5,5.9421047130409566,1.7740071834095494,0.6793156051587133,0.4251199622974869,0.4031319381946841,0.3662920595545657,0.6718907716155087
FL_NICE,FL_NICE (1).csv,5,6,6,5.898902211870466,1.7740071724188775,0.6797601558622607,0.4277480277566312,0.4052767352563731,0.3672367306838001,0.6720383419690062
FL_NICE,FL_NICE (1).csv,5,7,7,6.023417231582459,1.7724302857448402,0.6795238864926705,0.4291461189252165,0.4044179977978922,0.3687522119744238,0.6721523349483659
FL_NICE,FL_NICE (1).csv,5,8,8,5.773189312341262,1.7716395369697424,0.6808913019478858,0.4288769231175424,0.4061542841688551,0.3696507967362438,0.6731927521322558
FL_NICE,FL_NICE (1).csv,5,9,9,5.689985059961982,1.7700584165731357,0.6798832884105617,0.4290479724625582,0.405978584521176,0.3707554441412764,0.6726407845882544
FL_NICE,FL_NICE (1).csv,5,10,10,5.622505063507833,1.7692690250737306,0.6791331646301422,0.4281568612955371,0.4061633497113536,0.3700772197052402,0.6719970550927197
FL_NICE,FL_NICE (1).csv,5,11,11,5.62847623735869,1.7676932101348333,0.6796492403136407,0.4276786522296187,0.4072753466907716,0.3713644253445228,0.6722909101473207
FL_NICE,FL_NICE (1).csv,5,12,12,5.484990971631745,1.7661231577065275,0.6798709233260359,0.4272812753966554,0.4049872095886351,0.3710946850278458,0.6723671376929282
FL_NICE,FL_NICE (1).csv,5,13,13,5.586560705283873,1.764559781026894,0.6834333263906222,0.4265699812712031,0.4038312736785193,0.3723149528155177,0.6748856573699709
FL_NICE,FL_NICE (1).csv,5,14,14,5.398535580456663,1.763002985301385,0.682031777378722,0.4280085336329518,0.4030089573221758,0.3722246118132052,0.6735358580542257
FL_NICE,FL_NICE (1).csv,5,15,15,5.3613704219967335,1.7614552921661693,0.6812529251384464,0.4255270761826035,0.4011128540669902,0.3714857225262423,0.6729528867140397
FL_NICE,FL_NICE (1).csv,5,16,16,5.269364392879058,1.759917922019687,0.6807355907337685,0.426611873702701,0.4020021981853159,0.3718833655195475,0.672259839865659
FL_NICE,FL_NICE (1).csv,5,17,17,5.257619504012218,1.7583929822509994,0.6826599532895975,0.425737098056085,0.4014064366646608,0.3718847827447366,0.6738393642546281
FL_NICE,FL_NICE (1).csv,5,18,18,4.952660775306274,1.7568823815493857,0.6817171711263281,0.4273974457637431,0.4019223067343595,0.3721169693614001,0.6728692114909263
FL_NICE,FL_NICE (1).csv,5,19,19,5.006574801847237,1.7553911458334877,0.679039871178032,0.4254432604816717,0.4024898807417555,0.3719618020221513,0.6707789290666947
IL_DER,results (2).zip::results_il_der_eval/all_round_metrics.csv,0,0,0,0.1295173537952044,1733.284664031397,0.9899948985943064,0.144667969415577,0.0931996193431195,0.0977454386772564,0.985913411992224
IL_DER,results (2).zip::results_il_der_eval/all_round_metrics.csv,0,1,1,0.0567445504836005,1638.999556619831,0.9902755979506506,0.1441177724537247,0.0947547317429288,0.0999559650759272,0.9863983200569282
IL_DER,results (2).zip::results_il_der_eval/all_round_metrics.csv,0,2,2,0.0523773929446447,1571.9539691706582,0.9905196843474716,0.1379381542415647,0.0965211755961207,0.1025857679470383,0.9869441807063228
IL_DER,results (2).zip::results_il_der_eval/all_round_metrics.csv,0,3,3,0.0504835323197142,1553.6049097492455,0.9903488238696968,0.1376129592980587,0.0948577310423037,0.1001050174753658,0.9865321813079582
IL_DER,results (2).zip::results_il_der_eval/all_round_metrics.csv,0,4,4,0.0496866555738056,1555.7791099471897,0.9905440929871536,0.1429607069505108,0.096369767104207,0.1023158037372122,0.9868847814111132
IL_DER,results (2).zip::results_il_der_eval/all_round_metrics.csv,0,5,5,0.0489595152495891,1525.7404751078905,0.9906881039612782,0.1570304659225418,0.0980483797487514,0.1049280840062188,0.987318660644088
IL_DER,results (2).zip::results_il_der_eval/all_round_metrics.csv,0,6,6,0.0484014068677087,1510.0090292529596,0.990651491001755,0.1428094389577912,0.0969713708509523,0.1031788892029082,0.9870809142834452
IL_DER,results (2).zip::results_il_der_eval/all_round_metrics.csv,0,7,7,0.0478479797910191,1521.7356750958606,0.9906124371782636,0.1444353830838523,0.0966763571695761,0.1028150440897358,0.9869867281459278
IL_DER,results (2).zip::results_il_der_eval/all_round_metrics.csv,0,8,8,0.0476963826597792,1519.3009304636018,0.9906246414981048,0.1432371060293058,0.0967835490865557,0.1030455078744462,0.9870337224932688
IL_DER,results (2).zip::results_il_der_eval/all_round_metrics.csv,0,9,9,0.0473106424154989,1501.2664125948756,0.9907295986487376,0.1399721450284593,0.0980610608539865,0.1047371105129845,0.9873350860269182
IL_DER,results (2).zip::results_il_der_eval/all_round_metrics.csv,0,10,10,0.0470864241444848,1485.291174855768,0.9907418029685788,0.1563804738695521,0.0977992126183071,0.1045019283560131,0.98730288562777
IL_DER,results (2).zip::results_il_der_eval/all_round_metrics.csv,0,11,11,0.0468316965883555,1489.4449334536696,0.9907173943288966,0.1587501502630331,0.0973512403071027,0.1040257756581789,0.987197724592717
IL_DER,results (2).zip::results_il_der_eval/all_round_metrics.csv,0,12,12,0.0466676167357031,1486.338897728691,0.990734480376674,0.1630633899925301,0.0976560660892089,0.104300547152158,0.987232409639847
IL_DER,results (2).zip::results_il_der_eval/all_round_metrics.csv,0,13,13,0.0464825526212753,1469.536302826333,0.9907930611119112,0.1637744995502906,0.0979261064971204,0.1047022643417475,0.9873487794427454
IL_DER,results (2).zip::results_il_der_eval/all_round_metrics.csv,0,14,14,0.0462321251326009,1477.8303766484437,0.9907832976560385,0.1558008301232612,0.0978620588468819,0.1044464819052775,0.987345528316876
IL_DER,results (2).zip::results_il_der_eval/all_round_metrics.csv,0,15,15,0.0461801839254592,1464.3087358710327,0.9908638461669892,0.166099572872508,0.0993073022822955,0.1067790229230066,0.9876158435022852
IL_DER,results (2).zip::results_il_der_eval/all_round_metrics.csv,0,16,16,0.0458807765632979,1505.258358143639,0.9904562218842982,0.1561185525399292,0.0998185411751201,0.1067588412625703,0.9874739655001856
IL_DER,results (2).zip::results_il_der_eval/all_round_metrics.csv,0,17,17,0.0457572857008862,1463.1303325032495,0.9908369966633388,0.1638740994135199,0.0990342953189779,0.1062691076670562,0.9875986718933356
IL_DER,results (2).zip::results_il_der_eval/all_round_metrics.csv,0,18,18,1.0463712361237525,18985.79822874988,0.7794825856560188,0.0906630723505036,0.1266637336377826,0.0890684998880993,0.8643688378894464
IL_DER,results (2).zip::results_il_der_eval/all_round_metrics.csv,0,19,19,0.641372319198985,19317.09405423081,0.7939569089875053,0.0903505887361075,0.1282424927590985,0.0887066548819759,0.8738803656260151
IL_DER,results (2).zip::results_il_der_eval/all_round_metrics.csv,1,0,0,0.0567227363998923,6249.830587624095,0.9782535481193748,0.260925769058585,0.2891280355347123,0.2549321497303498,0.985542056884848
IL_DER,results (2).zip::results_il_der_eval/all_round_metrics.csv,1,1,1,0.0064084738387749,8151.628856776716,0.9763369054532016,0.2585445511087321,0.289993874406863,0.2528699671995364,0.9840620656521804
IL_DER,results (2).zip::results_il_der_eval/all_round_metrics.csv,1,2,2,0.005239085769476,9447.81482497386,0.9763536111331996,0.2592041809377884,0.2906105113446361,0.2534254147173317,0.9840796936591728
IL_DER,results (2).zip::results_il_der_eval/all_round_metrics.csv,1,3,3,0.0049963281272161,8915.060842259483,0.9765894953347718,0.2569265989389473,0.2896047303144711,0.2520662031909264,0.9842357989314438
IL_DER,results (2).zip::results_il_der_eval/all_round_metrics.csv,1,4,4,0.0049834975643943,9544.684651806852,0.976823876025144,0.2562492978138574,0.2917608901945174,0.252371626592303,0.9843378669391312
IL_DER,results (2).zip::results_il_der_eval/all_round_metrics.csv,1,5,5,0.0049124324866055,10359.24911416272,0.9765413829763776,0.2583164255101142,0.2900148188291008,0.2529640678775711,0.984135938563856
IL_DER,results (2).zip::results_il_der_eval/all_round_metrics.csv,1,6,6,0.0044688773365465,10327.260653402684,0.9754944380109014,0.258325465890687,0.2899300594178631,0.2525987133418377,0.9831871313836966
IL_DER,results (2).zip::results_il_der_eval/all_round_metrics.csv,1,7,7,0.0044621221827652,11460.239708188825,0.9756203988380866,0.2545595123200199,0.2897672626003459,0.2504614340551042,0.9830611717484644
IL_DER,results (2).zip::results_il_der_eval/all_round_metrics.csv,1,8,8,0.0044436576761544,10679.449388908444,0.97677509543955,0.2597774494241178,0.2889859249426005,0.2536976929867838,0.9842084222527808
IL_DER,results (2).zip::results_il_der_eval/all_round_metrics.csv,1,9,9,0.0041621166236025,11668.159458456355,0.978057089322598,0.2594654173146007,0.2876419739105669,0.2542101623776404,0.9850761815607963
IL_DER,results (2).zip::results_il_der_eval/all_round_metrics.csv,1,10,10,0.0041329530065714,14001.45217187374,0.9744182581054288,0.2603190992538253,0.2892611796490333,0.2530046467150145,0.9822021742105418
IL_DER,results (2).zip::results_il_der_eval/all_round_metrics.csv,1,11,11,0.004232749093139,11801.067651055471,0.9776424543450472,0.2582476970852672,0.2890148810225834,0.2534427675209103,0.9847891582326368
IL_DER,results (2).zip::results_il_der_eval/all_round_metrics.csv,1,12,12,0.0041516206705747,11950.398559817551,0.9764672097571864,0.2598655534625486,0.2891942325133904,0.2534634708587874,0.9839642110479636
IL_DER,results (2).zip::results_il_der_eval/all_round_metrics.csv,1,13,13,0.0038190774135164,14782.935983981728,0.976494440015583,0.2609163520401207,0.2869457581953502,0.2534024464760477,0.9837906828145444
IL_DER,results (2).zip::results_il_der_eval/all_round_metrics.csv,1,14,14,0.003894077600724,11668.94246630403,0.9784812465377478,0.2584271162867949,0.2897236271122279,0.2539470577482848,0.985530456467018
IL_DER,results (2).zip::results_il_der_eval/all_round_metrics.csv,1,15,15,0.0037159812456781,12026.878905899572,0.9779466647778112,0.2589689037947186,0.290189772029343,0.2539865626438312,0.9852033067883904
IL_DER,results (2).zip::results_il_der_eval/all_round_metrics.csv,1,16,16,0.0038499232358415,11824.8361638835,0.9784077415457564,0.2569815249195304,0.2894128086937946,0.2527773686445612,0.985445568199722
IL_DER,results (2).zip::results_il_der_eval/all_round_metrics.csv,1,17,17,0.0037084938614956,13289.725986142948,0.9770487344779174,0.2591118332588613,0.28798942991265,0.2532356947097935,0.9844495339621884
IL_DER,results (2).zip::results_il_der_eval/all_round_metrics.csv,1,18,18,0.0526212759719755,6041.366438381092,0.977584652692254,0.2498026071271134,0.2908024155175486,0.2471248052822744,0.9852130997549308
IL_DER,results (2).zip::results_il_der_eval/all_round_metrics.csv,1,19,19,0.0091110994495827,9700.980271799168,0.9770502379891172,0.250036368261744,0.2898196096976793,0.2469370606531973,0.9846932141786237
IL_DER,results (2).zip::results_il_der_eval/all_round_metrics.csv,2,0,0,0.2386208676268537,33564.165266891,0.8693633381088952,0.3561406080589043,0.3733714164457475,0.3305740532644724,0.8356814662740117
IL_DER,results (2).zip::results_il_der_eval/all_round_metrics.csv,2,1,1,0.0953553307100328,38480.603960513006,0.8683773116839001,0.3539575312105692,0.3705313707772633,0.3289154782573401,0.8347768018779449
IL_DER,results (2).zip::results_il_der_eval/all_round_metrics.csv,2,2,2,0.0788545700369221,52618.87468576397,0.8678304291069792,0.3579012903471395,0.37019859784175,0.3282068659553626,0.8349696849908947
IL_DER,results (2).zip::results_il_der_eval/all_round_metrics.csv,2,3,3,0.0726097408046799,59889.87081817939,0.8670386678441628,0.3587008817892014,0.3682859055443985,0.3256376110119262,0.8321827863261114
IL_DER,results (2).zip::results_il_der_eval/all_round_metrics.csv,2,4,4,0.0678578980508732,60384.65176621673,0.8668517036581146,0.3589654104899764,0.3695771570891274,0.3261373681601627,0.8314889652625678
IL_DER,results (2).zip::results_il_der_eval/all_round_metrics.csv,2,5,5,0.0648558719798375,69486.31451168947,0.8664510379274857,0.3595557649795477,0.3688291923477855,0.3255807003508271,0.8311567321361096
IL_DER,results (2).zip::results_il_der_eval/all_round_metrics.csv,2,6,6,0.0610274145940578,69605.1118870318,0.8665213838191228,0.3584169904018452,0.3678347050068672,0.3258875859523481,0.8330974639215557
IL_DER,results (2).zip::results_il_der_eval/all_round_metrics.csv,2,7,7,0.0631493853091747,79654.04002460324,0.8670891827060397,0.3597358553805912,0.3665338618941315,0.3263597794454125,0.8330083248254578
IL_DER,results (2).zip::results_il_der_eval/all_round_metrics.csv,2,8,8,0.0597362264294624,77952.52600794307,0.8677640296889261,0.3591841992397467,0.3671690343769265,0.3268680010376799,0.8341328814893704
IL_DER,results (2).zip::results_il_der_eval/all_round_metrics.csv,2,9,9,0.0590584368960849,75430.18185834566,0.8667388345136084,0.3594663071075261,0.36832941126521,0.3255025146202666,0.8315430850022975
IL_DER,results (2).zip::results_il_der_eval/all_round_metrics.csv,2,10,10,0.0595805110153702,87456.62455796682,0.867772021297934,0.359624011928142,0.36873207770916,0.32800455678175,0.8368062753098967
IL_DER,results (2).zip::results_il_der_eval/all_round_metrics.csv,2,11,11,0.0546052350573364,91951.4287905182,0.8666630622207931,0.3599906680341885,0.3684512584625325,0.32554335072708,0.8322733685260453
IL_DER,results (2).zip::results_il_der_eval/all_round_metrics.csv,2,12,12,0.0535459376401018,95562.93907429668,0.8672171471120051,0.3594392926995842,0.3708090877046712,0.3268545151706151,0.8338343774339424
IL_DER,results (2).zip::results_il_der_eval/all_round_metrics.csv,2,13,13,0.0578720750244253,93902.7084205565,0.8664367319607432,0.3580414526377425,0.3666145860425618,0.3246057402829925,0.8313912550873543
IL_DER,results (2).zip::results_il_der_eval/all_round_metrics.csv,2,14,14,0.063217845817701,101284.07977987372,0.8672130033147418,0.3590484073983237,0.3676384460726285,0.3262670032693527,0.8324800516410562
IL_DER,results (2).zip::results_il_der_eval/all_round_metrics.csv,2,15,15,0.0621365841590783,103949.171816856,0.8669147485736212,0.3576663737846551,0.3688155358258339,0.3243588419067272,0.8319210736044608
IL_DER,results (2).zip::results_il_der_eval/all_round_metrics.csv,2,16,16,0.061668599393367,118963.48174322124,0.8666869383859771,0.3591138512722634,0.3695784196930581,0.3255080578285901,0.8313583815725539
IL_DER,results (2).zip::results_il_der_eval/all_round_metrics.csv,2,17,17,0.0633184539260655,123565.00616730304,0.8671088164121208,0.358760337717396,0.368380856087979,0.3258715042767472,0.832055630980772
IL_DER,results (2).zip::results_il_der_eval/all_round_metrics.csv,2,18,18,0.165972341551696,46209.8882893802,0.863369927338515,0.3502419268930548,0.3758439279214,0.3236423557936993,0.8286884288598576
IL_DER,results (2).zip::results_il_der_eval/all_round_metrics.csv,2,19,19,0.096065807841756,79816.24689217903,0.8638228838441336,0.3575642329056083,0.3723729552125526,0.3254412462408799,0.8287028432246929
IL_DER,results (2).zip::results_il_der_eval/all_round_metrics.csv,3,0,0,0.5747494567396204,135432.03841047315,0.6033506302473676,0.4541878749152749,0.4494657260157056,0.3722918505630027,0.5353160844734444
IL_DER,results (2).zip::results_il_der_eval/all_round_metrics.csv,3,1,1,0.1737862840119169,205667.23652194932,0.60194294765217,0.4596062402474632,0.4463748449539321,0.3707825049169806,0.5305293709498725
IL_DER,results (2).zip::results_il_der_eval/all_round_metrics.csv,3,2,2,0.1428127891928729,262530.6715812425,0.6014024512380416,0.4548839868229713,0.4444163626223179,0.3667310985825502,0.5294187677997487
IL_DER,results (2).zip::results_il_der_eval/all_round_metrics.csv,3,3,3,0.1348703175524795,304257.764268652,0.6007930521404276,0.4558976300014754,0.4421274573542504,0.3624103262804221,0.528105135373845
IL_DER,results (2).zip::results_il_der_eval/all_round_metrics.csv,3,4,4,0.1282637666964429,352243.87187980505,0.5987927910355216,0.4544854441713195,0.4407330412948937,0.3622839698442096,0.5237514276180562
IL_DER,results (2).zip::results_il_der_eval/all_round_metrics.csv,3,5,5,0.1184499546078565,372987.1795903741,0.599534208600598,0.4536625193842911,0.4408695899012289,0.3623617332294731,0.5259743364337837
IL_DER,results (2).zip::results_il_der_eval/all_round_metrics.csv,3,6,6,0.1220513614269672,418409.149167896,0.5996805785788424,0.4562470481037581,0.4395793812796847,0.3611670856642555,0.525441295621766
IL_DER,results (2).zip::results_il_der_eval/all_round_metrics.csv,3,7,7,0.1142085664784466,447400.7789652453,0.6026384558144761,0.4537677049565515,0.4380529360758577,0.361665522928226,0.5307672400339231
IL_DER,results (2).zip::results_il_der_eval/all_round_metrics.csv,3,8,8,0.1115607833748786,467311.756707113,0.6005170556131845,0.4553790740644904,0.4402295758149384,0.3622173783612611,0.5268714796510263
IL_DER,results (2).zip::results_il_der_eval/all_round_metrics.csv,3,9,9,0.1112775064157408,484776.02525299264,0.6031702333000111,0.4557687766642476,0.4401884821039709,0.3629142552958467,0.5318433466123338
IL_DER,results (2).zip::results_il_der_eval/all_round_metrics.csv,3,10,10,0.1079861615859971,526246.0956232097,0.5991163944560577,0.4567765256047971,0.4386710300135709,0.3615845607644897,0.5239681818448932
IL_DER,results (2).zip::results_il_der_eval/all_round_metrics.csv,3,11,11,0.1045759283201798,554390.13795953,0.6025466370089353,0.4543611342299494,0.4386568902419347,0.3610046541906793,0.5311507709915445
IL_DER,results (2).zip::results_il_der_eval/all_round_metrics.csv,3,12,12,0.1015439780142785,559078.8297511911,0.6012518375334908,0.4551724233855814,0.4395648883498579,0.3617294477270518,0.5283854561954574
IL_DER,results (2).zip::results_il_der_eval/all_round_metrics.csv,3,13,13,0.1045461405351921,581073.4368415376,0.5992622243236811,0.4548257524780031,0.4396086331229925,0.3602688268891394,0.525024591721795
IL_DER,results (2).zip::results_il_der_eval/all_round_metrics.csv,3,14,14,0.1030579360415849,586983.4054768316,0.602397720794907,0.4543788676289671,0.438182709973754,0.3607933732152603,0.5299600573795564
IL_DER,results (2).zip::results_il_der_eval/all_round_metrics.csv,3,15,15,0.1017039491201309,623723.723013749,0.6034770161326413,0.4533609091483246,0.4366174597244107,0.3596406774043308,0.5316231400991027
IL_DER,results (2).zip::results_il_der_eval/all_round_metrics.csv,3,16,16,0.1000265774086125,643260.022245729,0.6040317097402315,0.4511339672365455,0.437680068366986,0.3603628339033349,0.5340979145448852
IL_DER,results (2).zip::results_il_der_eval/all_round_metrics.csv,3,17,17,0.09900120537855,661918.1224220328,0.6018506658946685,0.455394858864997,0.4370106614876278,0.3615597459112781,0.5283776493767331
IL_DER,results (2).zip::results_il_der_eval/all_round_metrics.csv,3,18,18,0.1504661566569169,148648.78721951236,0.6168064061440515,0.4461149404458952,0.4513009000791754,0.3710736292542884,0.5582872932558189
IL_DER,results (2).zip::results_il_der_eval/all_round_metrics.csv,3,19,19,0.0647431725394177,251672.0370639171,0.6160724729690066,0.4463886182023174,0.4466653952423604,0.367488122158114,0.5582766283096735
IL_DER,results (2).zip::results_il_der_eval/all_round_metrics.csv,4,0,0,2.5315885746912827,419772.5830372105,0.3846527334999114,0.3993665363012283,0.2674166924647801,0.2149275141350493,0.3652961873792156
IL_DER,results (2).zip::results_il_der_eval/all_round_metrics.csv,4,1,1,0.5773468818591238,501386.7881167412,0.3681128741633676,0.3289660611759186,0.2430645196007301,0.185499095422626,0.349489308178199
IL_DER,results (2).zip::results_il_der_eval/all_round_metrics.csv,4,2,2,0.538183141602273,627022.555011451,0.360629924081329,0.2646018158339072,0.2303122166501541,0.1721423182349028,0.3422310695438055
IL_DER,results (2).zip::results_il_der_eval/all_round_metrics.csv,4,3,3,0.5201645338342001,639841.7709220477,0.3579861295407815,0.2559631355758998,0.2231045950149007,0.1674575191418998,0.3405249916267975
IL_DER,results (2).zip::results_il_der_eval/all_round_metrics.csv,4,4,4,0.5101856368458292,665368.8679746563,0.3543985865721216,0.251777081557999,0.2191650999701867,0.161390578685874,0.3364282995415919
IL_DER,results (2).zip::results_il_der_eval/all_round_metrics.csv,4,5,5,0.5038203537513212,663294.1864435693,0.3496622265998055,0.2538445721453771,0.213418764412932,0.155254901799271,0.3337221800002924
IL_DER,results (2).zip::results_il_der_eval/all_round_metrics.csv,4,6,6,0.4999695120481112,692259.7545500803,0.3287871862224972,0.2705718446644525,0.2087539846880124,0.1498825470247383,0.321063423864078
IL_DER,results (2).zip::results_il_der_eval/all_round_metrics.csv,4,7,7,0.4944686482447964,747402.7604299197,0.3434574651418881,0.2547601898966551,0.2107997953546332,0.1506839222529434,0.3299961266688071
IL_DER,results (2).zip::results_il_der_eval/all_round_metrics.csv,4,8,8,0.4918483820127301,740234.3661339195,0.3400001149638174,0.2440835883128455,0.2082883209409077,0.1469387754527625,0.3278784130364048
IL_DER,results (2).zip::results_il_der_eval/all_round_metrics.csv,4,9,9,0.4897736425616206,797899.3818683556,0.3228855858440423,0.2166921915518396,0.189179713036684,0.1270116416025841,0.315377421025436
IL_DER,results (2).zip::results_il_der_eval/all_round_metrics.csv,4,10,10,0.4862250863285901,767280.8817364317,0.3397051655855962,0.2552525961059134,0.1988079613204086,0.1392275715542373,0.3265728441462121
IL_DER,results (2).zip::results_il_der_eval/all_round_metrics.csv,4,11,11,0.484895398375967,757973.565860718,0.3402504225480177,0.2461288724596807,0.2034894683930231,0.1421277376156023,0.3272417525486044
IL_DER,results (2).zip::results_il_der_eval/all_round_metrics.csv,4,12,12,0.8631772500095946,964039.3647770104,0.0283670233307123,0.0071052699599998,0.1153658988728782,0.0125714599982581,0.0040182208825244
IL_DER,results (2).zip::results_il_der_eval/all_round_metrics.csv,4,13,13,0.7799369148533754,1690869.7493356548,0.0285506668311993,0.0049000084415197,0.1161698060463242,0.0091181746431634,0.0030186699029552
IL_DER,results (2).zip::results_il_der_eval/all_round_metrics.csv,4,14,14,0.7678202166701809,1843458.8926686696,0.0285528317342538,0.0057855571071633,0.1165160308676317,0.0104397556722099,0.0030395589812538
IL_DER,results (2).zip::results_il_der_eval/all_round_metrics.csv,4,15,15,0.7631188839372962,1892078.577406174,0.028628752644821,0.005700373522833,0.1163463245827599,0.0103124487467753,0.0028774214423069
IL_DER,results (2).zip::results_il_der_eval/all_round_metrics.csv,4,16,16,0.760850128621766,1856859.0603595127,0.0285602222653709,0.0039013851468076,0.1161422699785665,0.0074209837015053,0.0026551579677146
IL_DER,results (2).zip::results_il_der_eval/all_round_metrics.csv,4,17,17,0.7594738762788098,1902775.8111135613,0.0284989331133791,0.0036180225485344,0.116607237331315,0.0069225179062173,0.0022612776804029
IL_DER,results (2).zip::results_il_der_eval/all_round_metrics.csv,4,18,18,0.7584668382249697,1870194.8843119664,0.028554474074502,0.0035893208147465,0.1164341726755159,0.0068778997362774,0.0024578525986929
IL_DER,results (2).zip::results_il_der_eval/all_round_metrics.csv,4,19,19,0.7577358336159677,1896860.3578219889,0.0285962044471737,0.0034405429696756,0.1166780097761756,0.0066163231374266,0.0022445276201867
IL_DER,results (3).zip::results_il_der_eval/all_round_metrics.csv,5,0,0,2.962614089923667,417035.7866151625,0.0318126969574709,0.0634299524719213,0.0971518587269755,0.0332232304195299,0.0079983371074061
IL_DER,results (3).zip::results_il_der_eval/all_round_metrics.csv,5,1,1,0.7014683093997134,417683.2239335573,0.0314051674650784,0.0528040263580222,0.0944654931154788,0.0314057983275604,0.008034795272421
IL_DER,results (3).zip::results_il_der_eval/all_round_metrics.csv,5,2,2,0.4777688928838046,428015.8089322173,0.0308121617048001,0.0512669816791156,0.0892710766673375,0.0269581305182247,0.0088674768233938
IL_DER,results (3).zip::results_il_der_eval/all_round_metrics.csv,5,3,3,0.3945052876573197,436989.4120841565,0.0307190163375345,0.0443849864909003,0.0879629822200805,0.0257422912110066,0.0072988212353769
IL_DER,results (3).zip::results_il_der_eval/all_round_metrics.csv,5,4,4,0.3454076684646588,423973.2507528772,0.0302969745303692,0.0574109751460393,0.0837156888771198,0.0255785480938902,0.0078757561598131
IL_DER,results (3).zip::results_il_der_eval/all_round_metrics.csv,5,5,5,0.3106269032902987,418571.4663771764,0.0301885023816855,0.0360488691730733,0.0822837350255449,0.023429104541557,0.0074636592105275
IL_DER,results (3).zip::results_il_der_eval/all_round_metrics.csv,5,6,6,0.2919035451325559,422249.9853095716,0.0300515239004126,0.0652403783261791,0.0807705517868743,0.0236317815926628,0.0078440944934291
IL_DER,results (3).zip::results_il_der_eval/all_round_metrics.csv,5,7,7,0.2764452302696066,421179.1612803728,0.0301743602790244,0.0551798329313625,0.0829085117617661,0.0252852575668115,0.0075093501293656
IL_DER,results (3).zip::results_il_der_eval/all_round_metrics.csv,5,8,8,0.2676086313088123,413340.8519935663,0.0300390107310423,0.0667825588863828,0.0815228707367617,0.0239144685375358,0.0074280579154476
IL_DER,results (3).zip::results_il_der_eval/all_round_metrics.csv,5,9,9,0.2574705915788109,419836.52009572426,0.0298143660217547,0.0571609935997694,0.0806366397017303,0.0256163702225474,0.0074972959684828
IL_DER,results (3).zip::results_il_der_eval/all_round_metrics.csv,5,10,10,0.248213075792149,390085.6101811172,0.0298068136946791,0.037959584015339,0.0802927363449901,0.0234809254213517,0.0071862688779097
IL_DER,results (3).zip::results_il_der_eval/all_round_metrics.csv,5,11,11,0.2389645080429429,392899.8898754674,0.0296618386317967,0.0496695890615226,0.0796068690756978,0.0238609178553624,0.007101448546996
IL_DER,results (3).zip::results_il_der_eval/all_round_metrics.csv,5,12,12,1.2721670708656312,250184.5707660104,0.0275722133893725,0.0293647715923944,0.1264477910536584,0.0309483185599642,0.0092183084068237
IL_DER,results (3).zip::results_il_der_eval/all_round_metrics.csv,5,13,13,0.8934441962242127,411380.33696666826,0.0273166929899818,0.0293746733264341,0.1206237315319825,0.0283607543780145,0.0092284104461789
IL_DER,results (3).zip::results_il_der_eval/all_round_metrics.csv,5,14,14,0.792181574344635,443839.2999461212,0.0272059255262065,0.0249742830919406,0.1188667795625675,0.0271086821820742,0.0090828809709544
IL_DER,results (3).zip::results_il_der_eval/all_round_metrics.csv,5,15,15,0.7439602069854736,452294.5436220908,0.026315935610044,0.0231502042938627,0.1144428372007064,0.0249956313946185,0.0089813789006359
IL_DER,results (3).zip::results_il_der_eval/all_round_metrics.csv,5,16,16,0.7169276766777039,456507.1241466102,0.026417077558919,0.0258154855127051,0.1134828104782719,0.023340367754285,0.0086503624715251
IL_DER,results (3).zip::results_il_der_eval/all_round_metrics.csv,5,17,17,0.7025083112716675,454971.4534213236,0.0262200506731529,0.0145332654575251,0.1132142287341304,0.0205209264393268,0.0087061374008706
IL_DER,results (3).zip::results_il_der_eval/all_round_metrics.csv,5,18,18,0.6900433936119079,456717.1403964692,0.0260400535445181,0.0235701465275781,0.111393494890954,0.0230707705937562,0.0088034240363012
IL_DER,results (3).zip::results_il_der_eval/all_round_metrics.csv,5,19,19,0.6807124404907227,458839.2493016018,0.0263674691359715,0.021144448473282,0.109414933913983,0.0209017590801068,0.008468866403383
IL_EWC,IL_EWC (1).csv,0,0,0,0.0800890448154274,0.1367801100783883,0.9903805551012836,0.1437974023111762,0.0956577488713151,0.1014958325550747,0.9866602049695044
IL_EWC,IL_EWC (1).csv,0,1,1,0.0521787850855157,0.0780133510324892,0.990570942490804,0.1433457113774381,0.0976413520054862,0.104396806116425,0.9872066461035152
IL_EWC,IL_EWC (1).csv,0,2,2,0.0493598870314125,0.0823175035732913,0.9908150288876252,0.1695817933406228,0.0990607702109269,0.1069706252367139,0.9875328413083868
IL_EWC,IL_EWC (1).csv,0,3,3,0.048006609448084,0.1102849893654608,0.990883373078735,0.1703552146347518,0.0992850807939931,0.107287273154298,0.9876224682263902
IL_EWC,IL_EWC (1).csv,0,4,4,0.0472033600617539,0.1105365646142077,0.9908394375273072,0.1711178655344353,0.0992116554889043,0.1070829129699494,0.9875547690634972
IL_EWC,IL_EWC (1).csv,0,5,5,0.0464124199663016,0.1538322658399104,0.990824792343498,0.1696927348690339,0.1002610853324331,0.1087514633486048,0.9878289664398574
IL_EWC,IL_EWC (1).csv,0,6,6,0.04578464854964,0.1826906791967147,0.9909053408544488,0.1715458457133684,0.0993030735739337,0.1074566502931292,0.9876645359494832
IL_EWC,IL_EWC (1).csv,0,7,7,0.0454978009262874,0.2060468214344774,0.9910371475087322,0.1703017419483382,0.1006739849844896,0.1092756994112112,0.9880226693270244
IL_EWC,IL_EWC (1).csv,0,8,8,0.0450699176016225,0.196597030883489,0.991010298005082,0.1690477496754335,0.1012140322676208,0.1100327128187562,0.9880781120532444
IL_EWC,IL_EWC (1).csv,0,9,9,0.044757038461775,0.2243211158779574,0.9911225777476196,0.1688645433917957,0.1012232302889488,0.1100845762932703,0.9881564104924908
IL_EWC,IL_EWC (1).csv,0,10,10,0.0444578014269063,0.2269667228052666,0.990919986038258,0.1711588892516874,0.1003717067297656,0.1089187246707407,0.9879514477532922
IL_EWC,IL_EWC (1).csv,0,11,11,0.0440116856247607,0.2690878744495089,0.9909297494941308,0.1708980492363833,0.100288899698666,0.1086965359495282,0.9879399139357982
IL_EWC,IL_EWC (1).csv,0,12,12,0.0438839922713839,0.2110002616682451,0.9908296740714344,0.1682741573487256,0.100998376843939,0.1094324407990891,0.987837372714157
IL_EWC,IL_EWC (1).csv,0,13,13,0.0436738311672404,0.205280244149516,0.9910151797330184,0.1689197306768739,0.1001467579619501,0.1086242031893088,0.9879089088926344
IL_EWC,IL_EWC (1).csv,0,14,14,0.0435234586598068,0.246626818958526,0.9910688787403188,0.1688607145325599,0.1006217670215825,0.1091805216044768,0.9880144692827816
IL_EWC,IL_EWC (1).csv,0,15,15,0.0432104259415009,0.2903696899195064,0.99117627675492,0.1684146060321575,0.1014189120764556,0.1104053931597207,0.988237244213212
IL_EWC,IL_EWC (1).csv,0,16,16,0.0431040255667534,0.2146652725487776,0.9911201368836512,0.1697718346155012,0.100981252283908,0.1097550092165455,0.988171542325653
IL_EWC,IL_EWC (1).csv,0,17,17,0.0428736707056603,0.254203756516344,0.9910493518285732,0.1691208722635737,0.1004614976636919,0.1090993946217686,0.9880322175379797
IL_EWC,IL_EWC (1).csv,0,18,18,0.0427026503133524,0.3470240209427654,0.9909443946779402,0.1678792413560945,0.1015902069346546,0.110828251645617,0.9881853381625252
IL_EWC,IL_EWC (1).csv,0,19,19,0.0425017368908145,0.4003396207160549,0.9906173189062,0.1677777910229438,0.101413268938391,0.110208577683451,0.9880796984655436
IL_EWC,IL_EWC (1).csv,1,0,0,0.0269203905590624,0.499441232689731,0.9310509810577636,0.164524242542995,0.173891730766532,0.147913307216615,0.9044772058783244
IL_EWC,IL_EWC (1).csv,1,1,1,0.003711255142434,0.8083648241056864,0.930835811899389,0.1636501329488429,0.1732758941243692,0.1467324831011309,0.9040130425363392
IL_EWC,IL_EWC (1).csv,1,2,2,0.0036646296766781,1.2774840333375208,0.930759299884998,0.1612738414020316,0.1748896166815315,0.1431139146829124,0.9058418395797244
IL_EWC,IL_EWC (1).csv,1,3,3,0.0034993526801279,1.6698568879471107,0.9308035699369928,0.1633194052604897,0.173809850040631,0.1463209889065033,0.90521330565844
IL_EWC,IL_EWC (1).csv,1,4,4,0.0033866984880951,1.8393664367467408,0.9308665503505854,0.1608408602165619,0.1745188086993363,0.1425751214244706,0.9058695166701892
IL_EWC,IL_EWC (1).csv,1,5,5,0.0034092574093766,1.947662102991603,0.9308735667361846,0.1599086356182463,0.1745676750663606,0.1421825946663887,0.905655450151982
IL_EWC,IL_EWC (1).csv,1,6,6,0.0035114624188872,2.0540806726997283,0.9309220132081788,0.158848555163677,0.1736222825744294,0.1408158763855202,0.9065442769146426
IL_EWC,IL_EWC (1).csv,1,7,7,0.0033955545132186,1.8901646521478577,0.9314664513193144,0.1579355834464733,0.1749598944543005,0.1386741682450637,0.9095361366308766
IL_EWC,IL_EWC (1).csv,1,8,8,0.0034527119359576,2.4348958696594862,0.9310442987857644,0.1578537692981891,0.1749445100026652,0.1390229511886307,0.9074923121649918
IL_EWC,IL_EWC (1).csv,1,9,9,0.0035093992068073,2.48116876236638,0.9311014322113575,0.1585527451418514,0.1747463576651311,0.1387864222095048,0.9081132141298974
IL_EWC,IL_EWC (1).csv,1,10,10,0.0034816020881483,2.335000610227167,0.930927860196178,0.1580560091174363,0.1734888177277684,0.1390395565940195,0.9075506492005688
IL_EWC,IL_EWC (1).csv,1,11,11,0.0034396889952272,2.538604787207851,0.9309200085265792,0.1590070423056271,0.1748648066031256,0.1397398510140711,0.907580506701116
IL_EWC,IL_EWC (1).csv,1,12,12,0.0034867647617296,3.401085315041142,0.9307111875266038,0.1603021545111958,0.1749893920313646,0.1384254851949172,0.9117464412295946
IL_EWC,IL_EWC (1).csv,1,13,13,0.0035736421156436,3.377704469483567,0.9310073792329688,0.157288927790084,0.1749208973298713,0.137189546165062,0.9122721300267372
IL_EWC,IL_EWC (1).csv,1,14,14,0.0034305353438569,3.0369857373064395,0.9310549904209632,0.1574982314992765,0.1749454781253828,0.1369544180255962,0.9123314567812556
IL_EWC,IL_EWC (1).csv,1,15,15,0.0034815722906899,2.7408403526598284,0.9312957192697344,0.1581867320572432,0.1744371172844891,0.1391050148146262,0.9100300010976994
IL_EWC,IL_EWC (1).csv,1,16,16,0.0034802122959984,3.006418057313597,0.936376250670733,0.1597194380878595,0.1776117244728577,0.1446809103274283,0.923434143020705
IL_EWC,IL_EWC (1).csv,1,17,17,0.0035164288065218,4.0166818678783685,0.9309669514873736,0.1593511317909968,0.1753136521460646,0.1405697504161306,0.9071688242865767
IL_EWC,IL_EWC (1).csv,1,18,18,0.0037730277127305,4.162579951818313,0.9311393541049532,0.1590737756535725,0.1742342010673565,0.1402710741116957,0.9104430145509164
IL_EWC,IL_EWC (1).csv,1,19,19,0.0036265716872203,3.951111888557495,0.931031101298566,0.1598210752520739,0.1744171389522758,0.141269465662516,0.9099731785495422
IL_EWC,IL_EWC (1).csv,2,0,0,0.0309281662028672,15.469332906481108,0.4239860350085752,0.1116221576223386,0.1613867880035211,0.0831096471306845,0.2745798467708716
IL_EWC,IL_EWC (1).csv,2,1,1,0.0064200380896075,14.705446744324552,0.4872328126388974,0.0864532628919138,0.1786785642502308,0.1048194384930802,0.3600356962011392
IL_EWC,IL_EWC (1).csv,2,2,2,0.0062223991108981,17.20884474595119,0.5212358263634499,0.1525903731527416,0.1858688031250433,0.1124106277353831,0.4004233375671662
IL_EWC,IL_EWC (1).csv,2,3,3,0.0058927748234521,26.019882176674543,0.4382601339768585,0.123432155957853,0.166922092403467,0.0978474913286247,0.339207896782251
IL_EWC,IL_EWC (1).csv,2,4,4,0.0061455829945741,27.81349732628881,0.442828473136009,0.1230880470133083,0.1671723770329767,0.0977542182487659,0.3355986270039591
IL_EWC,IL_EWC (1).csv,2,5,5,0.0058646819172464,32.63179683879573,0.4096354731145993,0.0916688435707615,0.1593715767274058,0.0832550058851681,0.275990498643432
IL_EWC,IL_EWC (1).csv,2,6,6,0.005919206503881,29.86022886118289,0.4158122962448021,0.1064816372618584,0.1612022501439878,0.0969193599944708,0.343100216562309
IL_EWC,IL_EWC (1).csv,2,7,7,0.0055932050871808,35.393256056899666,0.4114883424623489,0.1089735665012157,0.1603049052297565,0.0962375741786322,0.3417170611673472
IL_EWC,IL_EWC (1).csv,2,8,8,0.0056109916858972,39.93627969178732,0.4088921548150283,0.1100874487862149,0.1594589030632089,0.0955334379460606,0.3393334086970632
IL_EWC,IL_EWC (1).csv,2,9,9,0.00576875792147,36.872779214486,0.4089401044690754,0.1393499481393576,0.1597914065691961,0.0954965333722314,0.3392013762891194
IL_EWC,IL_EWC (1).csv,2,10,10,0.0057852811102186,39.938654833749375,0.4091723544395016,0.1390516239619914,0.1602161353375652,0.0954537556493944,0.3389190401600295
IL_EWC,IL_EWC (1).csv,2,11,11,0.0059619946886322,39.83794235405768,0.4089048821923371,0.1102449884592272,0.1594840758486759,0.0956004090556362,0.3397980692451695
IL_EWC,IL_EWC (1).csv,2,12,12,0.005667287243234,44.39396597816653,0.4089154390091746,0.1103240907059331,0.1598548170318143,0.095699927312899,0.3398828036571216
IL_EWC,IL_EWC (1).csv,2,13,13,0.0057804349533849,46.73513928856526,0.4089025143081866,0.1384564020639899,0.1605394463223602,0.0951801730359945,0.336805888355635
IL_EWC,IL_EWC (1).csv,2,14,14,0.0057779402545185,45.55916330899872,0.4089172149222875,0.1395984671267439,0.1600045080101094,0.0956731696923717,0.3394700075360855
IL_EWC,IL_EWC (1).csv,2,15,15,0.0057177803218627,50.81321896732428,0.4088874190467273,0.1399854213541637,0.1596018131359959,0.095835321260419,0.3403471146228191
IL_EWC,IL_EWC (1).csv,2,16,16,0.0060061035522312,45.84914753642373,0.4092030382716182,0.1697895581419099,0.1597560778202452,0.0962025896261162,0.3419108466054477
IL_EWC,IL_EWC (1).csv,2,17,17,0.0059456923260478,40.02766325364943,0.4100788594217765,0.1382608384016569,0.1591851648828098,0.0955020168792185,0.3395393680514397
IL_EWC,IL_EWC (1).csv,2,18,18,0.0058191366743893,53.26447482648096,0.4089069540909688,0.1396015749962209,0.1599505584820213,0.095680615815758,0.3395343632320332
IL_EWC,IL_EWC (1).csv,2,19,19,0.006084891044622,53.50125365283128,0.408895706641254,0.1109238528758273,0.1603885076589052,0.0961106024385171,0.3409408270524158
IL_EWC,IL_EWC (1).csv,3,0,0,0.1983329043800231,80.03580333507506,0.2143486096163764,0.0953001858674567,0.1714428511449706,0.081599657383465,0.086028208415815
IL_EWC,IL_EWC (1).csv,3,1,1,0.0720717771315394,83.7050939973803,0.2169767878973246,0.0623100710774364,0.174351649040244,0.0858497437189786,0.089508314854574
IL_EWC,IL_EWC (1).csv,3,2,2,0.0631793368995476,85.01111763701913,0.2171646692347126,0.0604726346438407,0.1747526220007451,0.0829505438976922,0.0902139850063604
IL_EWC,IL_EWC (1).csv,3,3,3,0.0563868969401,80.26349765375946,0.2170315705460086,0.0564715120837562,0.1747137545961724,0.0794753918654086,0.0945095260622756
IL_EWC,IL_EWC (1).csv,3,4,4,0.0472130446569659,88.88112897278367,0.2172532473765284,0.0632338727786091,0.175029847936035,0.0838070064916795,0.0958815620312228
IL_EWC,IL_EWC (1).csv,3,5,5,0.0472978793495994,86.78247547241932,0.2173159773672045,0.0637496210463218,0.1752328391934512,0.0867323754287076,0.1055497279415293
IL_EWC,IL_EWC (1).csv,3,6,6,0.0433232195139616,97.563497565027,0.2173015486977624,0.0615884955723856,0.1749443196418534,0.0822276750390872,0.0946379556514022
IL_EWC,IL_EWC (1).csv,3,7,7,0.047927466350891,99.00888998934283,0.2173693711600063,0.0604604291933027,0.1752182247883513,0.0817778495886976,0.095378580768209
IL_EWC,IL_EWC (1).csv,3,8,8,0.034540483075224,97.99800978881058,0.2097241824808484,0.050401748705157,0.1615963710195369,0.0714192016544902,0.0845574635816757
IL_EWC,IL_EWC (1).csv,3,9,9,0.0310577349247615,95.05114313255518,0.2169098913390021,0.0972092874675235,0.1744523541674824,0.0898755836409433,0.1038308366491728
IL_EWC,IL_EWC (1).csv,3,10,10,0.0455330838462666,103.82928263548985,0.2173642015297784,0.0961970539144932,0.1750857911039858,0.0892019884714926,0.1025832900421676
IL_EWC,IL_EWC (1).csv,3,11,11,0.0279771063468984,103.98027234383628,0.2173995401961126,0.0648070153316896,0.1753308233671772,0.0865678040326101,0.1053472926107256
IL_EWC,IL_EWC (1).csv,3,12,12,0.0329236482709483,105.17157651654576,0.2174456039162032,0.0665355148851072,0.1753586968921602,0.0875878826945957,0.1083041156314693
IL_EWC,IL_EWC (1).csv,3,13,13,0.0328749817458097,109.8099558089206,0.2173963766910477,0.0932341772437424,0.1749702273742072,0.0853081386871815,0.0976912623978348
IL_EWC,IL_EWC (1).csv,3,14,14,0.0298349722302509,110.66118006223309,0.2174609584895667,0.095284807448053,0.1753828310900045,0.0878878623298146,0.1067917604937659
IL_EWC,IL_EWC (1).csv,3,15,15,0.0333637406623801,103.5424797292626,0.2173807134830437,0.0948688794883455,0.1751927367822313,0.0880648580367838,0.1064468056241326
IL_EWC,IL_EWC (1).csv,3,16,16,0.0277384591502598,115.16767257768872,0.2174463755028044,0.0657401391163737,0.1754235745117326,0.0872152744636961,0.1054289534945055
IL_EWC,IL_EWC (1).csv,3,17,17,0.0238045253058812,117.51599260796888,0.2174053270956215,0.0875551242292245,0.1751315071921337,0.0880160808427349,0.1081862300440052
IL_EWC,IL_EWC (1).csv,3,18,18,0.0275311352976154,114.37059693141552,0.2174566376046001,0.0856013670595092,0.1752445370056525,0.0906412355839456,0.1067295808434604
IL_EWC,IL_EWC (1).csv,3,19,19,0.0313357858377434,120.52652684835886,0.2172946815770119,0.0572869572054473,0.1751438104100909,0.0806945418353382,0.0977149070435686
IL_EWC,IL_EWC (1).csv,4,0,0,0.538171502434748,86.89697959817757,0.0286062824441516,0.0648706210600179,0.0974571670388777,0.0310095067533391,0.0051603437465932
IL_EWC,IL_EWC (1).csv,4,1,1,0.3277030511499835,85.44673504251683,0.0287112429163812,0.0212174580139171,0.0982679556115348,0.0318933015769578,0.0053277718685111
IL_EWC,IL_EWC (1).csv,4,2,2,0.3161566816813687,79.34438762693703,0.0287610356866352,0.0109553344289038,0.0994540523146469,0.0184465307651622,0.0040161448163686
IL_EWC,IL_EWC (1).csv,4,3,3,0.3120796396932021,74.05090588502021,0.0287652161890853,0.0127385268963482,0.0994396714861769,0.0211472834878509,0.0042603944045891
IL_EWC,IL_EWC (1).csv,4,4,4,0.3087649057895288,75.36313744170718,0.0288373298563497,0.0117628070893353,0.1007733480547956,0.0193703939141031,0.0040890207301129
IL_EWC,IL_EWC (1).csv,4,5,5,0.3076912972260434,72.49232526936807,0.0288279237258369,0.0101976277166156,0.0997992615908074,0.0170393498940522,0.0039194193094956
IL_EWC,IL_EWC (1).csv,4,6,6,0.3044873837736756,73.22503095997997,0.0288346423904889,0.0115079193419309,0.1001471947599952,0.0191084521025897,0.0040222619439069
IL_EWC,IL_EWC (1).csv,4,7,7,0.3044128330082962,72.51434132563284,0.028832253531946,0.0118065082310938,0.0998423398130728,0.0194405320086284,0.0041034662982925
IL_EWC,IL_EWC (1).csv,4,8,8,0.3025338528037812,75.01862273869344,0.0288776418442615,0.0114638664071561,0.1009696604729172,0.0190003691351943,0.0041124200935108
IL_EWC,IL_EWC (1).csv,4,9,9,0.3019450595775572,75.23675129720618,0.0288817476948821,0.0172252016565482,0.1004880525196528,0.019642347077462,0.0041504715731555
IL_EWC,IL_EWC (1).csv,4,10,10,0.300401644453486,73.32609863791018,0.0289175059211964,0.0118092545011287,0.1019104572357709,0.0196145206022385,0.004157716451136
IL_EWC,IL_EWC (1).csv,4,11,11,0.3001383418556812,74.22428345254858,0.0289148931071651,0.0119170786939032,0.1005225797327257,0.0197913471861434,0.0041576969442923
IL_EWC,IL_EWC (1).csv,4,12,12,0.2981966609357977,76.99606605387966,0.0289334067608727,0.0106684901716942,0.1010684567036016,0.0178192082651447,0.0040512399214112
IL_EWC,IL_EWC (1).csv,4,13,13,0.299118765901915,75.38530645957054,0.0288968273644343,0.0114776945449687,0.0999434069559056,0.0190937201648496,0.0041103835558143
IL_EWC,IL_EWC (1).csv,4,14,14,0.2980663236707053,78.4375448050949,0.0289226568974296,0.011213464841302,0.1022915684416782,0.0186156190572088,0.0041292159176933
IL_EWC,IL_EWC (1).csv,4,15,15,0.301276241375254,75.33843157738046,0.0289110112120329,0.0116683795708025,0.1022431222756367,0.0190840891310433,0.0042586427386137
IL_EWC,IL_EWC (1).csv,4,16,16,0.2977895309699722,77.77596967314219,0.0289733454896372,0.0116955000446041,0.1010646941608576,0.0195538559948741,0.0040861101232418
IL_EWC,IL_EWC (1).csv,4,17,17,0.2978315103399598,74.1029379022194,0.0289762569109864,0.0112691991848286,0.1014662606696971,0.0186824539544032,0.004174910834194
IL_EWC,IL_EWC (1).csv,4,18,18,0.2977098335650534,73.7775464597527,0.0289633421444887,0.0120239284656708,0.1015658157421698,0.0198762305940938,0.0042274047298689
IL_EWC,IL_EWC (1).csv,4,19,19,0.2951959411137153,74.45950560034292,0.0289752117853739,0.0110115738267695,0.1016880693846676,0.0181821574918419,0.004160048016056
IL_EWC,IL_EWC (1).csv,5,0,0,1.0817907347076043,106.21959033290288,0.026881841843757,0.0283493136997243,0.0589435984367437,0.0071025599576774,0.0042102402170595
IL_EWC,IL_EWC (1).csv,5,1,1,0.2632153486078213,111.83018101113962,0.0268428955296221,0.0232193512323903,0.0587618773689032,0.0065439366810979,0.0040042272649192
IL_EWC,IL_EWC (1).csv,5,2,2,0.2295585509384397,115.51277846799712,0.0268401559599966,0.0353479563251913,0.058783050937127,0.0071711523127051,0.0043800881881692
IL_EWC,IL_EWC (1).csv,5,3,3,0.206493488402494,112.75159253218494,0.026839045323662,0.0057472388611585,0.0593078376292425,0.0083007032142406,0.0046204727617437
IL_EWC,IL_EWC (1).csv,5,4,4,0.1996304938108141,109.7341589708207,0.0268391934085066,0.0061405158843624,0.0594660579444716,0.0094719738417577,0.0053265733502551
IL_EWC,IL_EWC (1).csv,5,5,5,0.1958284341012883,108.35006438173724,0.0268183874878376,0.0084215037759986,0.0594601080923085,0.0124685571649779,0.0072192738733832
IL_EWC,IL_EWC (1).csv,5,6,6,0.1830970690701499,104.77134073834068,0.0268197202514391,0.0079911821198758,0.0594358193910288,0.011959736987837,0.0069174280090112
IL_EWC,IL_EWC (1).csv,5,7,7,0.1996860326424731,104.60992610121998,0.0268166845121244,0.0085123248975387,0.0594311053960054,0.0125780791207651,0.0073065585197333
IL_EWC,IL_EWC (1).csv,5,8,8,0.1865423117273338,103.18509066420567,0.0268147594091444,0.0084211670472613,0.0594281160333076,0.0125643097341499,0.0073131276016296
IL_EWC,IL_EWC (1).csv,5,9,9,0.1846413756255701,104.05658309881014,0.0268103168638058,0.0086077045681816,0.0595264913481165,0.0131481333546445,0.0076980949699161
IL_EWC,IL_EWC (1).csv,5,10,10,0.1927374508589703,104.6445985988138,0.0268132045182759,0.0083912734490508,0.0595046171320927,0.0128675590853448,0.0075312237679338
IL_EWC,IL_EWC (1).csv,5,11,11,0.1860178248081989,102.62794660149352,0.0267986181610809,0.0089761718102003,0.0595083252209531,0.0137017932185784,0.0080852375665197
IL_EWC,IL_EWC (1).csv,5,12,12,0.1903388501253936,105.49024040815588,0.0268072070820688,0.0086408219596329,0.0596270954178866,0.013290914744393,0.0077658142325114
IL_EWC,IL_EWC (1).csv,5,13,13,0.1800949241360211,105.30411083158452,0.0268018019852402,0.0090206498630759,0.0595397866231943,0.013656741580241,0.0080076180698701
IL_EWC,IL_EWC (1).csv,5,14,14,0.1761767798921545,104.02653763713305,0.0268010615610171,0.0089596012422558,0.059564995128381,0.0135471530575866,0.0079118339083249
IL_EWC,IL_EWC (1).csv,5,15,15,0.1854113018785338,101.93001326062762,0.026803430918531,0.008756148253184,0.0596475899280499,0.0134090801078918,0.0078171914442122
IL_EWC,IL_EWC (1).csv,5,16,16,0.1837872396158712,102.6825373436659,0.026798173906547,0.0088255214038552,0.0595868693444048,0.0133746265195012,0.0077843730565084
IL_EWC,IL_EWC (1).csv,5,17,17,0.180061523746747,102.57142568906283,0.0268039492154872,0.0082356854452297,0.0598065443168914,0.0128563066928636,0.007428074779876
IL_EWC,IL_EWC (1).csv,5,18,18,0.177676676164587,100.30495229594815,0.0267952122096546,0.008598740621767,0.0596351460411812,0.013237874102961,0.0077182114827742
IL_EWC,IL_EWC (1).csv,5,19,19,0.1864685330471041,99.01578102242368,0.02679506412481,0.0081746715005053,0.0597138316742454,0.0126515483683021,0.0072829120088748
IL_LWF,IL_LWF (1).csv,0,0,0,1.3783063637448465,2.5501633777041723,0.7698777859411117,0.0226434642923856,0.0294117647058823,0.0255876021183521,0.6697770998582488
IL_LWF,IL_LWF (1).csv,0,1,1,0.7007192559338409,1.5461626681755274,0.7698777859411117,0.0226434642923856,0.0294117647058823,0.0255876021183521,0.6697770998582488
IL_LWF,IL_LWF (1).csv,0,2,2,0.3984597570283499,0.9962442302171026,0.9584076779816983,0.0573023697886136,0.0571706944709993,0.0571934137933624,0.9436061450236376
IL_LWF,IL_LWF (1).csv,0,3,3,0.2556917467110157,0.715076666583779,0.9634871158995438,0.0573858609073371,0.0579185852106672,0.057632438787668,0.9486591693071748
IL_LWF,IL_LWF (1).csv,0,4,4,0.2006621481323913,0.5688700161371619,0.9648003007144408,0.0573429374220236,0.0581119370693608,0.0577125704911761,0.949947766741851
IL_LWF,IL_LWF (1).csv,0,5,5,0.1746795284336159,0.4963775647950223,0.9653739037469704,0.0572792391900777,0.0581963937362623,0.0577251463263308,0.9505045131864904
IL_LWF,IL_LWF (1).csv,0,6,6,0.1583012658971506,0.4518973109745363,0.965693656926806,0.0572202418967555,0.0582434738356839,0.0577203424358897,0.950812887527883
IL_LWF,IL_LWF (1).csv,0,7,7,0.1470700278218846,0.4278850268403504,0.966067109113942,0.0571671904476355,0.0582984605166879,0.0577221250837218,0.9511759744733148
IL_LWF,IL_LWF (1).csv,0,8,8,0.1384253959380752,0.3908575399660964,0.9663429267423496,0.0571107966365561,0.0583393377361687,0.0577147852617221,0.9514435689370052
IL_LWF,IL_LWF (1).csv,0,9,9,0.1309959774230585,0.3872830377040257,0.9666065400509164,0.0570717266700821,0.0583781518639362,0.0577147745700991,0.9517012230746432
IL_LWF,IL_LWF (1).csv,0,10,10,0.1251150905981093,0.3618949489142427,0.9722278497697044,0.0866595329601384,0.0663170490339824,0.0702886856298641,0.963080643505315
IL_LWF,IL_LWF (1).csv,0,11,11,0.1200260764958265,0.3592183043993064,0.976518888625818,0.0868340085199499,0.072320059215209,0.0767888217654616,0.969659107067996
IL_LWF,IL_LWF (1).csv,0,12,12,0.1155971446728599,0.3451575430381525,0.9784422894327676,0.0869562047242153,0.0748956989063476,0.0790861484958865,0.9722126370503538
IL_LWF,IL_LWF (1).csv,0,13,13,0.1115628936385969,0.327890166956621,0.9796798074646502,0.0870649730692606,0.076553160902043,0.0804532646533208,0.9737700463987916
IL_LWF,IL_LWF (1).csv,0,14,14,0.1081872410244883,0.3238013098209992,0.9805682819490787,0.0871387043601569,0.0776390071887539,0.0812992457005783,0.9748334443436588
IL_LWF,IL_LWF (1).csv,0,15,15,0.1050497811018392,0.3034460012622317,0.9814909285290622,0.0872211911811452,0.0788286075139625,0.0821895210453856,0.9759240550141448
IL_LWF,IL_LWF (1).csv,0,16,16,0.1021189104325125,0.3036230663971444,0.9821499618004788,0.0872774938125776,0.0796249502342506,0.082763756391453,0.9766804184071568
IL_LWF,IL_LWF (1).csv,0,17,17,0.0996531524259857,0.3011039481870941,0.9825941990426932,0.087321859390125,0.0801437914233378,0.0831319639808573,0.9771811934838748
IL_LWF,IL_LWF (1).csv,0,18,18,0.0971602736535481,0.2849519778130042,0.9830750492444306,0.0873612026165492,0.0807670121823483,0.0835610148360873,0.9777275582612394
IL_LWF,IL_LWF (1).csv,0,19,19,0.0952905428850113,0.273840333133691,0.983846362258385,0.0873915667004723,0.0817906370215493,0.0842283177970759,0.9785914450446552
IL_LWF,IL_LWF (1).csv,1,0,0,0.9176875860941512,0.8714772432407983,0.9937285206719424,0.2319101399060888,0.2036951342850023,0.203107850468856,0.9923242585312332
IL_LWF,IL_LWF (1).csv,1,1,1,0.6821995019095145,0.8700875564526691,0.993758423839139,0.2239614704656765,0.2033897855472864,0.2031501637853537,0.9923887885350116
IL_LWF,IL_LWF (1).csv,1,2,2,0.6683639534175122,0.8801264191631774,0.9936596932703506,0.2466331145129659,0.203858773852785,0.2046570468295614,0.9923718353535051
IL_LWF,IL_LWF (1).csv,1,3,3,0.6612619613043051,0.8871375940258317,0.9934276513751782,0.2451759514804278,0.2048234215302107,0.2069305923274618,0.9922283343879768
IL_LWF,IL_LWF (1).csv,1,4,4,0.6566554079767186,0.8899321922844023,0.9931366384296126,0.2435999048273501,0.2052811709627022,0.2080322921958104,0.9919758050793508
IL_LWF,IL_LWF (1).csv,1,5,5,0.6533974879814035,0.8963234761355393,0.9929872896504304,0.2439891512575405,0.2059414233075709,0.2090073144485857,0.9918792609597596
IL_LWF,IL_LWF (1).csv,1,6,6,0.6508630505266519,0.8985901119335897,0.9927562500960576,0.2440108410937708,0.2062742435742184,0.2095915277742068,0.9916968578499123
IL_LWF,IL_LWF (1).csv,1,7,7,0.648821638271963,0.8994486165024053,0.9923995838281,0.2435075151606784,0.2062689508651394,0.209822373016972,0.9913815386207128
IL_LWF,IL_LWF (1).csv,1,8,8,0.6470882402986198,0.9034140535520202,0.9923521396969056,0.2430172400605872,0.2066433642075078,0.210071722257712,0.9913885770506166
IL_LWF,IL_LWF (1).csv,1,9,9,0.6456815759375578,0.9075185484209124,0.9922853169769136,0.2428669148452761,0.2068025556753862,0.2101384733312003,0.99137209527627
IL_LWF,IL_LWF (1).csv,1,10,10,0.6444800187228448,0.9080221372290588,0.9922266800401204,0.2412078670548544,0.2070201415006373,0.209983690189505,0.9913869417669146
IL_LWF,IL_LWF (1).csv,1,11,11,0.6434142782080888,0.9098887179970332,0.9921324600049316,0.2403989569342136,0.207174242363912,0.2098290193928312,0.9913686555275903
IL_LWF,IL_LWF (1).csv,1,12,12,0.6424615457006445,0.9130828688101488,0.9921388081633308,0.2388900522010193,0.2073255865545639,0.2096378779031686,0.9914496319383894
IL_LWF,IL_LWF (1).csv,1,13,13,0.6416216253559134,0.9153574313228452,0.9921483304009296,0.2386689720736907,0.2076223026360742,0.2096976754772949,0.9915319078091877
IL_LWF,IL_LWF (1).csv,1,14,14,0.6408331589813434,0.9159683094242336,0.992044086957742,0.2381093284715473,0.2077486065164361,0.2095900833059944,0.991466727748912
IL_LWF,IL_LWF (1).csv,1,15,15,0.6401467410289527,0.9176970516918008,0.9919294859929556,0.2365971894573272,0.2079153458300221,0.2094945450336299,0.9913850320730596
IL_LWF,IL_LWF (1).csv,1,16,16,0.639498651259165,0.920384899676336,0.991934163583355,0.2412457289345958,0.2082937581446187,0.209586513639077,0.9914098229628436
IL_LWF,IL_LWF (1).csv,1,17,17,0.6388918702308239,0.9210302541248204,0.9918892253041603,0.2407069266464136,0.2087715797302629,0.2095432407094093,0.9913846700114182
IL_LWF,IL_LWF (1).csv,1,18,18,0.6383020941053235,1.359290107737854,0.992845792540847,0.2482484131911838,0.2049082302675466,0.2076953607102007,0.9922782876641006
IL_LWF,IL_LWF (1).csv,1,19,19,0.6378000859998504,0.9217466651390714,0.9917951723257714,0.2101384335595344,0.2104381104394486,0.2094919470141075,0.9912972468736108
IL_LWF,IL_LWF (1).csv,2,0,0,1.1500320318986537,1.161536661327499,0.8462135213880616,0.2854809306247254,0.2376731854223032,0.2049746423716604,0.8058381563072085
IL_LWF,IL_LWF (1).csv,2,1,1,0.8091659108288816,1.200798418354824,0.8421104714644801,0.2763313930320132,0.2366469945499176,0.1908519784542122,0.7987134322044128
IL_LWF,IL_LWF (1).csv,2,2,2,0.7868092155066083,1.2618737905291737,0.8413483087535448,0.2447158578842364,0.236257567541635,0.1901990912810376,0.7979176606557413
IL_LWF,IL_LWF (1).csv,2,3,3,0.7763665207422694,1.347224412138228,0.8406653714998109,0.2483496413139626,0.2355006057036578,0.1892542615815478,0.7972898184544795
IL_LWF,IL_LWF (1).csv,2,4,4,0.7698798650788164,1.361264767141471,0.8395405278664939,0.2435488772895717,0.2348410346721566,0.1882179415571261,0.7961737174343421
IL_LWF,IL_LWF (1).csv,2,5,5,0.7654002579866098,1.392273828570096,0.8372794944883056,0.2720807272074317,0.2346575966176311,0.1880590015936363,0.7939924638767906
IL_LWF,IL_LWF (1).csv,2,6,6,0.762032964158887,1.4335311371154396,0.8335405067528603,0.272100224635469,0.2336610959685855,0.1867920886336194,0.790478885047024
IL_LWF,IL_LWF (1).csv,2,7,7,0.7593440767088608,1.4515469484853425,0.8294333130320155,0.2408986527048764,0.23249557837201,0.185185433300698,0.7865870123400946
IL_LWF,IL_LWF (1).csv,2,8,8,0.7571676299685498,1.452717937243806,0.8037935674651139,0.2362195049967544,0.2289611092493233,0.1809197067136978,0.7613743866911072
IL_LWF,IL_LWF (1).csv,2,9,9,0.7551978302650979,1.4658417723172588,0.7843735629286426,0.2346534421350783,0.2259716761942162,0.1772192632875657,0.7421642125579159
IL_LWF,IL_LWF (1).csv,2,10,10,0.7535967163312284,1.4987587925311767,0.7610159643736044,0.23140557660056,0.2217687385125844,0.1728926872650589,0.720170135119779
IL_LWF,IL_LWF (1).csv,2,11,11,0.7521967360839105,1.5148868967109077,0.7278086583854523,0.2296971185958037,0.2168292816640613,0.1667388589725751,0.6843063755354407
IL_LWF,IL_LWF (1).csv,2,12,12,0.7509586122743962,1.5523142035153632,0.6294581955479635,0.2433340766611086,0.2023452249123532,0.1433156818089394,0.5363431977180321
IL_LWF,IL_LWF (1).csv,2,13,13,0.74976025251314,1.5308849062946228,0.6301955941371583,0.2324118211757052,0.2026229892417245,0.1438375349890532,0.5377394909063318
IL_LWF,IL_LWF (1).csv,2,14,14,0.7486981685401911,1.5499033910589164,0.6244887960108255,0.2416372147698486,0.2014897138225164,0.1422023326493285,0.5287610119726106
IL_LWF,IL_LWF (1).csv,2,15,15,0.7477413215820263,1.5494031665716286,0.6241966583037603,0.239462370248172,0.201758126496855,0.1427278434653172,0.5281119596757586
IL_LWF,IL_LWF (1).csv,2,16,16,0.7468421081884706,1.561442256823354,0.6176022982683564,0.2386163887117567,0.2000587191030257,0.1413033126343695,0.5226638860147796
IL_LWF,IL_LWF (1).csv,2,17,17,0.7460596759468915,1.572293026013563,0.617097050987748,0.2390414612849433,0.1999084239396979,0.1410977611964862,0.5219660372278944
IL_LWF,IL_LWF (1).csv,2,18,18,0.745328769451426,1.584404481641455,0.616746900118996,0.2115294934181099,0.1998614087097326,0.1411029572231747,0.5215747040184907
IL_LWF,IL_LWF (1).csv,2,19,19,0.7446617122503352,1.5981126375096306,0.6162528016262628,0.205748345409279,0.1997940595796591,0.1411330214665657,0.5211620844486933
IL_LWF,IL_LWF (1).csv,3,0,0,1.6613148605675625,2.0982172642882984,0.2078145828015815,0.1060726949263999,0.1649632717554669,0.0705592531338896,0.0864166903908215
IL_LWF,IL_LWF (1).csv,3,1,1,1.1262472288671983,2.127792749866554,0.208487560635133,0.1332046237326868,0.1756811622073289,0.0849948399941297,0.0874294473622066
IL_LWF,IL_LWF (1).csv,3,2,2,1.102024000385485,2.139991618423536,0.208776596975936,0.1019239294764045,0.179864771651723,0.0866355571616739,0.0878480472205155
IL_LWF,IL_LWF (1).csv,3,3,3,1.0904421619618063,2.142243317298092,0.209029060111843,0.1074358075180784,0.1813190178748248,0.0859946856329087,0.0882095559792596
IL_LWF,IL_LWF (1).csv,3,4,4,1.0832082117112654,2.1442872230785333,0.209091712943859,0.0997664514823907,0.1815330070245715,0.0860633486316355,0.0884860029479626
IL_LWF,IL_LWF (1).csv,3,5,5,1.0780317477662598,2.151228692828905,0.2091079162624838,0.1292996630663247,0.1814775494380067,0.086592000763316,0.088827057111204
IL_LWF,IL_LWF (1).csv,3,6,6,1.0737838164612916,2.156954371160585,0.2091309095431991,0.1003960439583365,0.1821333254493085,0.0875269592184983,0.0891383993163631
IL_LWF,IL_LWF (1).csv,3,7,7,1.0704192334799505,2.1641889389318525,0.2091301379565979,0.1304176265240893,0.1824693232353796,0.0886137805022588,0.0893242085608595
IL_LWF,IL_LWF (1).csv,3,8,8,1.0675768136518706,2.171412470000713,0.2091224220905861,0.1308493375762114,0.1827970814900338,0.0893213046163862,0.0893378220879384
IL_LWF,IL_LWF (1).csv,3,9,9,1.065043601318095,2.180436233773341,0.2090562971188647,0.1016129019136803,0.1830469276505068,0.0903097012301692,0.0894758399964651
IL_LWF,IL_LWF (1).csv,3,10,10,1.0628330633102132,2.189302445590028,0.2089673331837484,0.1018286858814265,0.1827167459998003,0.0909443347485834,0.0893183532148162
IL_LWF,IL_LWF (1).csv,3,11,11,1.060948429308535,2.1981254340898,0.2088463484046829,0.1018848051942877,0.1821731097418533,0.091157404736377,0.0892114075599088
IL_LWF,IL_LWF (1).csv,3,12,12,1.0591297062741891,2.20858796273881,0.208721737168592,0.1023196833076368,0.1814314617190192,0.0917570492242535,0.0889016589711755
IL_LWF,IL_LWF (1).csv,3,13,13,1.057461988165862,2.2139374365418245,0.208699592633138,0.1035392359159359,0.181583883344183,0.0936509682634392,0.0884878996926295
IL_LWF,IL_LWF (1).csv,3,14,14,1.0558779163656211,2.2220022706780966,0.2086188075159942,0.1047502504905415,0.1812536103644189,0.0946032949319575,0.0884202860066719
IL_LWF,IL_LWF (1).csv,3,15,15,1.0545320528559774,2.229174433368984,0.2085552287800567,0.10536030790204,0.1809800381875945,0.0951840553625825,0.0883850749197045
IL_LWF,IL_LWF (1).csv,3,16,16,1.053175105699207,2.235801380911433,0.2084678080181427,0.1056635536653047,0.1804095321424604,0.0954959049413993,0.088418611913871
IL_LWF,IL_LWF (1).csv,3,17,17,1.051978898326979,2.241500558257373,0.2082907288931713,0.1060378507481041,0.1804150665695373,0.0955139772487063,0.0881926596578508
IL_LWF,IL_LWF (1).csv,3,18,18,1.0508041953228744,2.247849922697632,0.2069118264781979,0.1042115086043319,0.1739138438330686,0.0921751927489849,0.0872599264679852
IL_LWF,IL_LWF (1).csv,3,19,19,1.0496504464556338,2.2551454226025145,0.2059045973290141,0.102638631342803,0.1688367444369635,0.0895208191983366,0.0866186053966232
IL_LWF,IL_LWF (1).csv,4,0,0,3.021881083504252,2.6707516765961063,0.1881579952221336,0.0531070179729051,0.1272085656731195,0.0592743388517918,0.0697946927747648
IL_LWF,IL_LWF (1).csv,4,1,1,2.2039786746017427,2.7418544770223163,0.1932104310404098,0.0352212739538789,0.1359074041576617,0.0489735530781543,0.0823077464214491
IL_LWF,IL_LWF (1).csv,4,2,2,1.6978004589934956,2.746670349358057,0.1258667917234114,0.0493001328499693,0.1142805174703254,0.0304427917805413,0.0451120094540841
IL_LWF,IL_LWF (1).csv,4,3,3,1.5515638404042302,2.78912403352009,0.1257582479633674,0.0430262725693468,0.1177161077155875,0.0326003116654831,0.0444935189375156
IL_LWF,IL_LWF (1).csv,4,4,4,1.4990856091779896,2.767413753481668,0.1271702126658922,0.0361366149353286,0.1206136926367566,0.0350654279190845,0.0461137769099139
IL_LWF,IL_LWF (1).csv,4,5,5,1.4703473165533405,2.761875170369472,0.1299238200475845,0.0338828799898648,0.1247816444571419,0.0387259989326785,0.0490294322450851
IL_LWF,IL_LWF (1).csv,4,6,6,1.447489433463247,2.7873271424057924,0.1334202131324661,0.049838839970381,0.1352208327545142,0.0464740411149683,0.0522971745338075
IL_LWF,IL_LWF (1).csv,4,7,7,1.4281114746524184,2.775128698120992,0.1355948955766477,0.0379344590287821,0.1380219571792463,0.0510799529091124,0.0549273248769486
IL_LWF,IL_LWF (1).csv,4,8,8,1.412925318363752,2.786804513112743,0.1451784734880373,0.0396451999694734,0.1426208091383074,0.0543391084939872,0.0626660666213494
IL_LWF,IL_LWF (1).csv,4,9,9,1.4000297205576842,2.7886933379550283,0.1397127651418358,0.0384245048726538,0.1412071119680059,0.0524161513615604,0.0583384763013607
IL_LWF,IL_LWF (1).csv,4,10,10,1.3883556410822755,2.783284769752109,0.1385693230699012,0.0389386703187266,0.1415635357854988,0.0527013494649252,0.0574216229387881
IL_LWF,IL_LWF (1).csv,4,11,11,1.37818941113803,2.7905175032318645,0.1387502791045274,0.0404991103059031,0.1436400028385827,0.0549109829795796,0.0576557919512711
IL_LWF,IL_LWF (1).csv,4,12,12,1.3718033018357962,2.827898930348462,0.1302727426985098,0.0373113786598591,0.1416246513892866,0.0527594733859709,0.0498565378750787
IL_LWF,IL_LWF (1).csv,4,13,13,1.3640293277642317,2.8051657190363435,0.1307116954557714,0.0380292852703244,0.1418218174060704,0.0532968428298131,0.050542580728403
IL_LWF,IL_LWF (1).csv,4,14,14,1.3560850149370711,2.807460015290374,0.1305098369088946,0.0378417157745152,0.1424333997942713,0.0536146610613957,0.0503877640068103
IL_LWF,IL_LWF (1).csv,4,15,15,1.350778480687149,2.794961115471711,0.1308911584538083,0.0378557050853912,0.1432637196718035,0.0540594887577305,0.0507778053653959
IL_LWF,IL_LWF (1).csv,4,16,16,1.3451054791262262,2.8360541009086697,0.1277362974887348,0.0368304423357938,0.1427722489242202,0.0533272578458422,0.0474214428387968
IL_LWF,IL_LWF (1).csv,4,17,17,1.340089580856317,2.824202637160792,0.1278573081042996,0.03681823376844,0.1433292180496482,0.0535648157348787,0.0475063097937711
IL_LWF,IL_LWF (1).csv,4,18,18,1.3357930779377851,2.8191136756020803,0.1278683565750606,0.0370654682059055,0.1434595811119667,0.0538415916021751,0.0475928026894722
IL_LWF,IL_LWF (1).csv,4,19,19,1.3314527462169052,2.818714106350601,0.1278034841352545,0.0369126440070156,0.1438661750474354,0.0539200685888641,0.0475289735127927
IL_LWF,IL_LWF (1).csv,5,0,0,3.3778077586942565,2.962240302523385,0.1239427204859315,0.0378226585227253,0.1446310305375256,0.049399647295918,0.0459417969593524
IL_LWF,IL_LWF (1).csv,5,1,1,2.9583065424884305,2.964346815584196,0.1237545786908426,0.048071629203008,0.144236579825818,0.0496513631750246,0.0459111173687051
IL_LWF,IL_LWF (1).csv,5,2,2,2.53280757542993,2.9901258088521474,0.1248469265471775,0.0548854295426011,0.1466990714908633,0.0591225164060908,0.0482563678276268
IL_LWF,IL_LWF (1).csv,5,3,3,2.11252658554571,3.024195402283957,0.1271168450879257,0.0586140758717178,0.1460730022822037,0.0621956820883896,0.0494269600564502
IL_LWF,IL_LWF (1).csv,5,4,4,1.7316423235808007,3.075021059949808,0.122540134880119,0.0385603896655154,0.1257136556542881,0.0417134355689044,0.0491113545058307
IL_LWF,IL_LWF (1).csv,5,5,5,1.442028522256979,3.130713109545449,0.0963214169705676,0.0406962406489755,0.1000459569414548,0.0281784396425006,0.0420417798420539
IL_LWF,IL_LWF (1).csv,5,6,6,1.2933049899360112,3.15935503318822,0.0268554827414147,0.0030251911544993,0.0587357876526597,0.0033902937598256,0.0019407369072977
IL_LWF,IL_LWF (1).csv,5,7,7,1.2452113712168615,3.1677399800287227,0.0267887705189137,0.0017299586481977,0.0586762458111555,0.0033336376506628,0.0018511687702582
IL_LWF,IL_LWF (1).csv,5,8,8,1.2313892031701668,3.1607354795313056,0.0267793671312803,0.0017331392883954,0.0586616439241318,0.0033392792174166,0.0018555653150513
IL_LWF,IL_LWF (1).csv,5,9,9,1.223879021301957,3.1591856990360823,0.0267744803314079,0.0017357712128391,0.0586538963457285,0.0033439702413148,0.0018591719407625
IL_LWF,IL_LWF (1).csv,5,10,10,1.21933667997127,3.154173187567374,0.0267702599133363,0.0017397630331776,0.0586455915850156,0.003351109691542,0.0018646236501122
IL_LWF,IL_LWF (1).csv,5,11,11,1.2149918408374842,3.1545067916302685,0.0267684828952008,0.0017472500548251,0.0586426729771241,0.003364547812618,0.0018747152294395
IL_LWF,IL_LWF (1).csv,5,12,12,1.2127262178364435,3.158283076065456,0.0267672241740216,0.0017551732636111,0.0586405591976512,0.0033787692498328,0.0018853405582884
IL_LWF,IL_LWF (1).csv,5,13,13,1.2104772380145945,3.1512088981779067,0.0267661135376869,0.0017621502691348,0.058638675369155,0.0033912881481336,0.0018946580103369
IL_LWF,IL_LWF (1).csv,5,14,14,1.2069054534349692,3.1552627657743493,0.0267647807740853,0.0017688060163394,0.0586367650065348,0.0034032245251957,0.0019035115397582
IL_LWF,IL_LWF (1).csv,5,15,15,1.2053579449893663,3.160025537358715,0.0267644846043961,0.0017815719657446,0.0586363051045813,0.0034261276579777,0.0019203967663362
IL_LWF,IL_LWF (1).csv,5,16,16,1.2033564717498983,3.153820699649894,0.0267641143922846,0.0018033486547023,0.0586344566577754,0.0034651666582713,0.0019489793942856
IL_LWF,IL_LWF (1).csv,5,17,17,1.2018486297391844,3.15121984242884,0.0267621152468822,0.0018340141693643,0.0586307155349072,0.0035200556707377,0.001988774114914
IL_LWF,IL_LWF (1).csv,5,18,18,1.2006324150806826,3.149765591987492,0.0267619671620376,0.0018749616999907,0.058630644780101,0.003593234666598,0.0020411801367147
IL_LWF,IL_LWF (1).csv,5,19,19,1.1991299522572092,3.153526754704063,0.0267629297135276,0.0021495694129448,0.0586335722269844,0.0040796636859621,0.0023786391317683
IL_NICE,IL_NICE (1).csv,0,0,0,0.1065928660747077,0.0522158323404292,0.9901950494396996,0.1381825757865755,0.0965235860317702,0.1025008481347897,0.986637753888154
IL_NICE,IL_NICE (1).csv,0,1,1,0.0536552534207829,0.052027733260879,0.9904928348438212,0.1454502868179897,0.0958815103924456,0.1018797520103406,0.9867862099380468
IL_NICE,IL_NICE (1).csv,0,2,2,0.0509310600976658,0.0516512711118524,0.990661254457628,0.1445176402303631,0.097257478865489,0.103766646174522,0.9871272752984156
IL_NICE,IL_NICE (1).csv,0,3,3,0.0498315751488901,0.047506875084286,0.9908296740714344,0.1664311261333964,0.0997559564293425,0.107695483382643,0.987634954823356
IL_NICE,IL_NICE (1).csv,0,4,4,0.0494335872304235,0.0485242517378951,0.990802824567784,0.166986962578631,0.099236047503638,0.1072775622330632,0.9875559899411316
IL_NICE,IL_NICE (1).csv,0,5,5,0.0491837345254726,0.0472302556535176,0.9908443192552436,0.1437210232419115,0.0982037459839823,0.1052478167201553,0.9874557968230916
IL_NICE,IL_NICE (1).csv,0,6,6,0.049319788113109,0.0466692961294876,0.9909517172698448,0.1666601196312186,0.0995278274024444,0.1075750224200689,0.98773573316931
IL_NICE,IL_NICE (1).csv,0,7,7,0.0497493678783504,0.0482673448461004,0.9908223514795296,0.1427532064679411,0.098167548733171,0.1051527010071327,0.9874345131523844
IL_NICE,IL_NICE (1).csv,0,8,8,0.0502140579633733,0.0470087031507625,0.9908174697515932,0.1456901754027337,0.0976032255317908,0.1042941447075024,0.9873198033175472
IL_NICE,IL_NICE (1).csv,0,9,9,0.0503500298015837,0.0469903997995497,0.99068566309731,0.1457406438256714,0.0968263047478426,0.1033185148657892,0.9871071004267704
IL_NICE,IL_NICE (1).csv,0,10,10,0.0505543891658895,0.049029602052122,0.9906002328584226,0.146049669211338,0.0962540398856254,0.1025100319998154,0.9869457176002624
IL_NICE,IL_NICE (1).csv,0,11,11,0.0517379751699602,0.0484547848447061,0.9900925331530348,0.146404276710327,0.0927041258336818,0.096337180861005,0.9858277224771128
IL_NICE,IL_NICE (1).csv,0,12,12,0.0516600868959202,0.0485099253681051,0.9902560710389048,0.146505311897605,0.0934983762987056,0.0977510027590281,0.9861343127670832
IL_NICE,IL_NICE (1).csv,0,13,13,0.052229453706079,0.0493132274954535,0.9900925331530348,0.1462991452154162,0.0928239146909071,0.0967539428845772,0.985904664728757
IL_NICE,IL_NICE (1).csv,0,14,14,0.0530003685440517,0.0489888075636768,0.990429372380648,0.146301678699677,0.0949657850124011,0.1002623600525832,0.9865523615567529
IL_NICE,IL_NICE (1).csv,0,15,15,0.0534694170436033,0.0485694127865765,0.9903415012777924,0.1464295689007453,0.0942906833651665,0.0990920671552216,0.986356012826356
IL_NICE,IL_NICE (1).csv,0,16,16,0.0542793174743907,0.048672797022062,0.9903341786858876,0.146494407044282,0.0942809062656337,0.0991718100330385,0.9863541029594878
IL_NICE,IL_NICE (1).csv,0,17,17,0.055289803375291,0.0492699002232971,0.9901901677117632,0.1463257319859365,0.093102165079761,0.0967107357641983,0.985954478726921
IL_NICE,IL_NICE (1).csv,0,18,18,0.0566725569307549,0.0487355945941289,0.9902072537595408,0.1463148878570037,0.0935797337150409,0.0975393756147407,0.9860516898432868
IL_NICE,IL_NICE (1).csv,0,19,19,0.0590954476919693,0.0506200609093766,0.9901852859838268,0.1463769006271277,0.0930863480463509,0.096721211637458,0.9859472024764222
IL_NICE,IL_NICE (1).csv,1,0,0,0.0137536829947732,0.1865571146989175,0.98716235314872,0.2161315167474242,0.2403335712325384,0.2227461191667679,0.9885609561290476
IL_NICE,IL_NICE (1).csv,1,1,1,0.0026410519003107,0.0775535233420126,0.988041238973416,0.2223080558207738,0.2402833898921766,0.2278110005771351,0.9888278494587702
IL_NICE,IL_NICE (1).csv,1,2,2,0.0025546642235971,0.0710615229405712,0.9874249664382888,0.2185864685437671,0.2392542614722527,0.2239197131952958,0.9886287301548632
IL_NICE,IL_NICE (1).csv,1,3,3,0.0024971254314681,0.0539513383325815,0.9887801311997284,0.2325600170731404,0.240833215019607,0.2261143668676265,0.989879536605896
IL_NICE,IL_NICE (1).csv,1,4,4,0.0024632689237867,0.093744263377162,0.9863584758272153,0.2180956250070603,0.2392325487250464,0.2234913489640948,0.9878582600481836
IL_NICE,IL_NICE (1).csv,1,5,5,0.0025314301118654,0.0888878684466436,0.9840343816258904,0.216612286040693,0.2378194900363716,0.2195933739943857,0.9865091473614396
IL_NICE,IL_NICE (1).csv,1,6,6,0.0025798436510765,0.0944800198625053,0.9859172788184674,0.2174115216735449,0.2389891071727865,0.2222803981026831,0.9876970875336916
IL_NICE,IL_NICE (1).csv,1,7,7,0.0026410283059901,0.0832056455184121,0.9861543324176392,0.2173301808308032,0.2392173422428303,0.2225478114737453,0.9877120221755956
IL_NICE,IL_NICE (1).csv,1,8,8,0.0026637832183623,0.0957333898109087,0.9865250314567956,0.2170524793159593,0.2389702642407106,0.2231799822157466,0.9879137663649626
IL_NICE,IL_NICE (1).csv,1,9,9,0.002771581231056,0.1312955001055694,0.9876703728774598,0.2210623188520979,0.2390088440287217,0.2261360512690026,0.988577364882845
IL_NICE,IL_NICE (1).csv,1,10,10,0.0028997119380371,0.0966052827423679,0.98673936533117,0.2199581902085886,0.2403406366179489,0.2247693487164597,0.9881455927968236
IL_NICE,IL_NICE (1).csv,1,11,11,0.0032280549919698,0.1169920122208731,0.9843115288570576,0.2182182334242202,0.2405688199144576,0.2239299303709411,0.986146615009144
IL_NICE,IL_NICE (1).csv,1,12,12,0.0033974430242228,0.1469271662265694,0.9877278404166532,0.2209116168915632,0.2411494292229851,0.2264016295005737,0.98878169032868
IL_NICE,IL_NICE (1).csv,1,13,13,0.0037743019406082,0.2089188723386964,0.9874293099150884,0.2211716587193702,0.239159953247885,0.2247781518857212,0.988665552817868
IL_NICE,IL_NICE (1).csv,1,14,14,0.0041547453307123,0.230640838162519,0.9850636185705683,0.2163811795076895,0.238777336805139,0.2213304502479131,0.9869410489566464
IL_NICE,IL_NICE (1).csv,1,15,15,0.0048637042600889,0.2759683096983112,0.9822923133156966,0.2128928040688836,0.2342707181031502,0.2179623416871154,0.9842419949708028
IL_NICE,IL_NICE (1).csv,1,16,16,0.0056730340290852,0.3103726076761472,0.9822194765509052,0.214541208614022,0.2271876916745122,0.2160520492254489,0.9830641527092344
IL_NICE,IL_NICE (1).csv,1,17,17,0.0064271060531641,0.3343684163143526,0.9825943520100608,0.2234421559660483,0.2340833585999624,0.2177727559576039,0.984745692925744
IL_NICE,IL_NICE (1).csv,1,18,18,0.0073025429880479,0.4103881889529452,0.983681557664332,0.2156035803916747,0.234676279770326,0.2207671615325168,0.984931730531817
IL_NICE,IL_NICE (1).csv,1,19,19,0.0074221981311323,0.522123871530011,0.9858758487320723,0.2195647740057012,0.2371185411775461,0.2232346556522609,0.9870072252492524
IL_NICE,IL_NICE (1).csv,2,0,0,0.1265602777549292,14.873465607987308,0.8777239423968769,0.304059457250406,0.3401962566398456,0.3093368898998739,0.8463325009416108
IL_NICE,IL_NICE (1).csv,2,1,1,0.0043372167686537,12.798368572988943,0.8792197545471022,0.3055743581813969,0.3433139401229639,0.3141184288185419,0.846628544406995
IL_NICE,IL_NICE (1).csv,2,2,2,0.0039942221898597,12.934339460463784,0.8770473195008777,0.3105377634035633,0.3411797672904946,0.3101186889793733,0.8498646631723731
IL_NICE,IL_NICE (1).csv,2,3,3,0.0040267299779313,11.554397589121486,0.8708082407498853,0.2969409321119658,0.3410431346328689,0.3041273369416835,0.8409005258676708
IL_NICE,IL_NICE (1).csv,2,4,4,0.0039831111450382,10.548693461031188,0.8356501928690971,0.2951006499534586,0.3381380337031388,0.2921648507810905,0.8038977801792384
IL_NICE,IL_NICE (1).csv,2,5,5,0.0040049036991514,9.762602330364286,0.8591771938027342,0.3025262439692884,0.3416655479937682,0.2957304289875891,0.8290467989430707
IL_NICE,IL_NICE (1).csv,2,6,6,0.0039963747363313,10.329928110636375,0.8699391286048199,0.3251930993937972,0.3461189964419777,0.3170582304526976,0.8388430532319554
IL_NICE,IL_NICE (1).csv,2,7,7,0.0039495675012383,11.159865304328363,0.7842686853931442,0.3085920436012384,0.3205023532008229,0.2883070232951027,0.7385020543270772
IL_NICE,IL_NICE (1).csv,2,8,8,0.0040445354101449,11.571665819017582,0.8644720787487232,0.3153180025831023,0.3416166635796364,0.3101892026732935,0.8333263089574945
IL_NICE,IL_NICE (1).csv,2,9,9,0.0040692270842198,10.153411881189244,0.8652116478983893,0.310883490802806,0.3412810081650297,0.3079612396174299,0.8353368904053016
IL_NICE,IL_NICE (1).csv,2,10,10,0.0042886850301736,10.29608493679994,0.8664331801345175,0.3101439327743477,0.3383710322732557,0.3027300635757139,0.8376824876791779
IL_NICE,IL_NICE (1).csv,2,11,11,0.0043926089223372,11.545916509477802,0.8512968753499413,0.295635994086507,0.3323302984575769,0.2851184822272326,0.8326212514214031
IL_NICE,IL_NICE (1).csv,2,12,12,0.0047052826670545,8.738444218162146,0.8411499984559422,0.2898814894883516,0.3295010554889084,0.2815079727515876,0.8184849394459213
IL_NICE,IL_NICE (1).csv,2,13,13,0.0049687388454543,8.440976043141763,0.8604025738506068,0.3047085900288588,0.3404633106300672,0.2979347502771429,0.8412664071819411
IL_NICE,IL_NICE (1).csv,2,14,14,0.0051961675275065,7.859032566337015,0.8674287767579542,0.3064191987261772,0.3406099100609255,0.3011902011232027,0.8407271854229681
IL_NICE,IL_NICE (1).csv,2,15,15,0.0052035259278022,6.188532320410046,0.8638464640237988,0.2965598193440956,0.3368036527584175,0.2972677368143595,0.8342641152683733
IL_NICE,IL_NICE (1).csv,2,16,16,0.0054310170613806,6.425260977600334,0.8643301043615341,0.3092912509673794,0.3404776879216295,0.3018918976786561,0.8411596325537146
IL_NICE,IL_NICE (1).csv,2,17,17,0.0058086961739249,5.494594795701422,0.8730070185072839,0.3152405086615714,0.3446980412469963,0.3121222706941945,0.8527532846869056
IL_NICE,IL_NICE (1).csv,2,18,18,0.0056901244581468,4.991773366928265,0.8671751171683342,0.3104632645300076,0.3398761472987372,0.3054448018002864,0.8420007919587656
IL_NICE,IL_NICE (1).csv,2,19,19,0.0060774917551198,6.380132284067958,0.8623972202618663,0.3036351815940082,0.3391665812650562,0.2990849214027067,0.8418759645037935
IL_NICE,IL_NICE (1).csv,3,0,0,0.1987617963890296,22.525621193763296,0.5450220010203461,0.3670128134946215,0.3859972065057857,0.3112588314363072,0.5053693154690125
IL_NICE,IL_NICE (1).csv,3,1,1,0.0187149900671164,20.422490875602648,0.5251591243047619,0.3872481701991618,0.3871638609764374,0.3170813167091313,0.4646001303649704
IL_NICE,IL_NICE (1).csv,3,2,2,0.0127754366288528,19.50820721235946,0.5580811814040222,0.3789051768822955,0.3972200710242499,0.3245010002758648,0.5087225355756791
IL_NICE,IL_NICE (1).csv,3,3,3,0.0117050951352539,18.231323321945744,0.5563171801163984,0.390004051763547,0.3966591810814129,0.3312842490694825,0.4928665397789004
IL_NICE,IL_NICE (1).csv,3,4,4,0.0133189968871797,18.03847105716932,0.5374411626637268,0.357039445053354,0.3859363039447934,0.3116047320214306,0.4737358999818592
IL_NICE,IL_NICE (1).csv,3,5,5,0.0101145366955872,17.65425925352237,0.5327524623643204,0.3740646003406981,0.3892775580953344,0.3179419332340747,0.4769687903808601
IL_NICE,IL_NICE (1).csv,3,6,6,0.010867909305029,18.08857895680412,0.56035674460823,0.3907524202887975,0.4018543120706702,0.3389337087630513,0.520908605480091
IL_NICE,IL_NICE (1).csv,3,7,7,0.0116615854345424,17.828422113888035,0.5702815087419218,0.3803530714047515,0.3993256628137813,0.3354485944531928,0.5073797419466983
IL_NICE,IL_NICE (1).csv,3,8,8,0.0121690883367721,17.69595889667514,0.5802243280020815,0.3811968789627236,0.4057872441922743,0.3420161698006304,0.5198081697551067
IL_NICE,IL_NICE (1).csv,3,9,9,0.0122867499992991,17.5313548586191,0.5011846940674558,0.3814606660559402,0.3879220214447512,0.329550425187207,0.4595018904782044
IL_NICE,IL_NICE (1).csv,3,10,10,0.0130907823317192,17.346500272215753,0.5709084228553828,0.3871123998263107,0.4060604292379584,0.3464399746874572,0.5230546142604048
IL_NICE,IL_NICE (1).csv,3,11,11,0.0129440076568204,17.123703314959798,0.5553968316185078,0.3958429267081412,0.400193084309899,0.3420440335016221,0.5140134555441767
IL_NICE,IL_NICE (1).csv,3,12,12,0.0150112095780624,16.58557557765988,0.5891966456352735,0.3932264016552954,0.4114654937227691,0.3514899193593355,0.5370764272519557
IL_NICE,IL_NICE (1).csv,3,13,13,0.0123187160640029,16.398299224447445,0.5647257765787665,0.3829262179213635,0.3977673571318423,0.3360724022417027,0.502332030961432
IL_NICE,IL_NICE (1).csv,3,14,14,0.0123502975650802,16.418132650666944,0.6074029259181186,0.3932098996114685,0.4134683053291999,0.3561639168619713,0.5533399300741128
IL_NICE,IL_NICE (1).csv,3,15,15,0.0133509618140502,16.287828438857318,0.5214451693586294,0.3798791820648618,0.390312859165586,0.3276361104373302,0.4828833204320558
IL_NICE,IL_NICE (1).csv,3,16,16,0.0147067957048691,16.36820052328232,0.5908885807343467,0.3855814457719742,0.4064189273216674,0.350597678160311,0.5422196587277888
IL_NICE,IL_NICE (1).csv,3,17,17,0.0144649504579788,15.63541761025278,0.5706161458508547,0.3913844937698663,0.3927195853518104,0.3335411962951463,0.519564532275936
IL_NICE,IL_NICE (1).csv,3,18,18,0.0160840755987981,15.846403093294542,0.5870703844383945,0.3778962372931817,0.3947613237503634,0.336840715719422,0.5213054658970786
IL_NICE,IL_NICE (1).csv,3,19,19,0.0156684987903543,16.562140956642388,0.5198219054670614,0.3724345346279348,0.3724212653280958,0.3160804959591928,0.4681648601420329
IL_NICE,IL_NICE (1).csv,4,0,0,0.4829343848170773,16.256243956001256,0.5616533409418478,0.4204455777228968,0.4184176360158113,0.3510474793769965,0.5195128229290453
IL_NICE,IL_NICE (1).csv,4,1,1,0.2846604324877262,16.237101752552476,0.5491228820622777,0.3906461180370364,0.4162848511383751,0.3443935693496861,0.4928063949887746
IL_NICE,IL_NICE (1).csv,4,2,2,0.2775673641552848,16.318247024434065,0.5411563374289566,0.417279387970807,0.4169282732861518,0.3410083088445504,0.4846291738492192
IL_NICE,IL_NICE (1).csv,4,3,3,0.2761623832967974,16.453767674100572,0.526945913779078,0.3798222372837878,0.4142016047481571,0.3334613530306564,0.461025975201684
IL_NICE,IL_NICE (1).csv,4,4,4,0.2751633559744204,16.54244995332021,0.5611984873449098,0.3918686576941642,0.4271160158942885,0.3473149815982199,0.4958159071302275
IL_NICE,IL_NICE (1).csv,4,5,5,0.2809373086258288,16.68940334870564,0.5672393880371488,0.3957950950863393,0.432613134913921,0.3568721438427515,0.5036738381751658
IL_NICE,IL_NICE (1).csv,4,6,6,0.2820320304843687,16.823297416658512,0.5644760759176259,0.4013186822475094,0.4323524961332806,0.3528591557578658,0.4896789583940484
IL_NICE,IL_NICE (1).csv,4,7,7,0.2808152896261984,16.9113178560868,0.5233415741487881,0.4073023847634794,0.4249776450544965,0.3508091722012646,0.4692839242175392
IL_NICE,IL_NICE (1).csv,4,8,8,0.2773914460933978,17.07798159966777,0.5323798204459267,0.4039545886939272,0.4260355531552247,0.3479762165213083,0.4664619795832759
IL_NICE,IL_NICE (1).csv,4,9,9,0.2747334351222361,16.973962389027257,0.5632222237899106,0.4126125555336934,0.4278707456316202,0.3567114271882758,0.5125782022511848
IL_NICE,IL_NICE (1).csv,4,10,10,0.2773448482396141,17.058193408277052,0.5627799863521525,0.4178332756413018,0.4296224646955553,0.354635637081067,0.4944749474151035
IL_NICE,IL_NICE (1).csv,4,11,11,0.2760016883933736,17.078032232271106,0.5691158364226127,0.4229882768767977,0.4331712883909788,0.3614122718384918,0.5172785365764838
IL_NICE,IL_NICE (1).csv,4,12,12,0.2740860425176159,17.06874562866881,0.5701842534059337,0.4190816655384563,0.4344512047669812,0.3607344109704358,0.5089755646647269
IL_NICE,IL_NICE (1).csv,4,13,13,0.2732836220173105,17.20425383014275,0.5464316089581897,0.4050919016202755,0.4292098404102168,0.3503039472936476,0.4744149528288665
IL_NICE,IL_NICE (1).csv,4,14,14,0.2730036751036682,17.385390802140627,0.5509634975695977,0.3925539154540374,0.425850149530443,0.3452110286927659,0.4720687943969245
IL_NICE,IL_NICE (1).csv,4,15,15,0.2720150223542605,17.33606189735911,0.5556892569821297,0.4059211248456415,0.428126289153075,0.357980749178684,0.5005326384474117
IL_NICE,IL_NICE (1).csv,4,16,16,0.2714035171534746,17.496680443101905,0.5615474846476647,0.4006119274641642,0.4335619933150525,0.3565305943568275,0.4921826475416219
IL_NICE,IL_NICE (1).csv,4,17,17,0.2707004583170337,17.711280851174934,0.5637452345071512,0.4113866527766868,0.4330356566431908,0.3544046347308328,0.4905816885115004
IL_NICE,IL_NICE (1).csv,4,18,18,0.2700057216589489,17.84151386277008,0.5587879797714445,0.3941173218265165,0.4292225664598305,0.3532540499642305,0.491086705357744
IL_NICE,IL_NICE (1).csv,4,19,19,0.2695109899486265,17.83801053639654,0.5520980560738259,0.3900178572402997,0.4256113415485504,0.3481386907053437,0.4830398808548041
IL_NICE,IL_NICE (1).csv,5,0,0,0.5867370423816499,17.779186025829254,0.5622264734090339,0.4133358875565495,0.4263840672772653,0.3585069571177345,0.5054980968622841
IL_NICE,IL_NICE (1).csv,5,1,1,0.1504890871426416,17.761616807178207,0.5578827006618133,0.3996876124434227,0.4243851070335673,0.3542840595956122,0.4951029624571616
IL_NICE,IL_NICE (1).csv,5,2,2,0.1413738184741565,17.752984164718363,0.5446350304621632,0.4041258564768841,0.420043451123007,0.3474522191355277,0.4753242145787619
IL_NICE,IL_NICE (1).csv,5,3,3,0.1394044959119388,17.749476189197196,0.5583154786202136,0.4087637263599942,0.4264455271758599,0.3557250740160366,0.4972052573904495
IL_NICE,IL_NICE (1).csv,5,4,4,0.1381204541003893,17.756656269151534,0.5507572281508402,0.4355976529065425,0.4209014445927101,0.3520031027134124,0.4885327327628725
IL_NICE,IL_NICE (1).csv,5,5,5,0.1371197771458398,17.780166038604904,0.5568378880406013,0.4220900522705988,0.425051644157901,0.3547976939532679,0.4923603572445357
IL_NICE,IL_NICE (1).csv,5,6,6,0.1369297964468835,17.720241923572893,0.5556127080786428,0.4223107537313598,0.4243305735712472,0.3563974500462313,0.4977611268791941
IL_NICE,IL_NICE (1).csv,5,7,7,0.1356944504474836,17.694003062653735,0.5520329790872361,0.4385650347880488,0.4258154613073808,0.3571396949457145,0.4901476398511438
IL_NICE,IL_NICE (1).csv,5,8,8,0.1342575312370345,17.704578021221447,0.5495553715519091,0.4243406629432246,0.4272730128589602,0.356635640655596,0.4847941409400915
IL_NICE,IL_NICE (1).csv,5,9,9,0.1348511207671392,17.688134191279232,0.554354949450868,0.4228282845004087,0.4282820467493554,0.357030464968125,0.4936485892101266
IL_NICE,IL_NICE (1).csv,5,10,10,0.1331543376048406,17.68890030475213,0.5588516938425804,0.424162242866665,0.4299405919119898,0.3584828878173539,0.4957293769108495
IL_NICE,IL_NICE (1).csv,5,11,11,0.1331685772017827,17.694738730229655,0.5547015420296998,0.4327517399481929,0.4255337184357643,0.3556968694611883,0.4916591018863647
IL_NICE,IL_NICE (1).csv,5,12,12,0.1321591142387617,17.687441519212417,0.564529118700443,0.4581923170798917,0.4294621361144111,0.3644140448620405,0.5122868446738429
IL_NICE,IL_NICE (1).csv,5,13,13,0.1328751268604445,17.696975332572645,0.5580136817068793,0.4575982557886767,0.428924681206248,0.358721024350489,0.496638598568911
IL_NICE,IL_NICE (1).csv,5,14,14,0.1318736797760403,17.7244634586439,0.5579441558723305,0.4410881841663055,0.4287543074525299,0.3591084198649604,0.4948928210933511
IL_NICE,IL_NICE (1).csv,5,15,15,0.1312919756959355,17.72014185523914,0.5680254018819066,0.4318599453591027,0.4324854788064769,0.3649432798342999,0.5112513592501651
IL_NICE,IL_NICE (1).csv,5,16,16,0.1313067387257303,17.723974763038335,0.562201891324827,0.4307013075147117,0.4323270752487703,0.3627782288623066,0.5019003048835181
IL_NICE,IL_NICE (1).csv,5,17,17,0.1315047450008846,17.735589420672465,0.5644473018237908,0.4467642233233193,0.4310490213252484,0.3656041232150818,0.5118383967815755
IL_NICE,IL_NICE (1).csv,5,18,18,0.1299573600528732,17.709160062483658,0.55955406026061,0.4482615734708834,0.4320959196195578,0.3633559433816574,0.5020533974859691
IL_NICE,IL_NICE (1).csv,5,19,19,0.130137532594658,17.70616024878365,0.5582727561425408,0.4536485510079029,0.4295642405806616,0.3595710962851125,0.4973214821733269
Plexus,100 Clients(Plexus).csv,0,0,0,206.387,0.521065,0.769878,0.128313,0.166667,0.144996,0.6697771
Plexus,100 Clients(Plexus).csv,0,1,1,248.261,0.198661,0.961725,0.324895,0.326735,0.32567,0.946907425
Plexus,100 Clients(Plexus).csv,0,2,2,1.121021,0.097253,0.983776,0.495644,0.471687,0.482572,0.978627788
Plexus,100 Clients(Plexus).csv,0,3,3,0.44293,0.077135,0.986707,0.496198,0.484176,0.489856,0.981634431
Plexus,100 Clients(Plexus).csv,0,4,4,0.608419,0.068244,0.98853,0.496391,0.49393,0.495118,0.983482773
Plexus,100 Clients(Plexus).csv,0,5,5,0.579986,0.07053,0.988386,0.495642,0.494823,0.495213,0.983341801
Plexus,100 Clients(Plexus).csv,0,6,6,0.704972,0.066399,0.988748,0.495255,0.495613,0.495422,0.983702072
Plexus,100 Clients(Plexus).csv,0,7,7,0.717042,0.064377,0.988789,0.49473,0.495992,0.495352,0.983744068
Plexus,100 Clients(Plexus).csv,0,8,8,0.470658,0.059578,0.98908,0.662605,0.495915,0.496058,0.984035691
Plexus,100 Clients(Plexus).csv,0,9,9,0.420249,0.062353,0.989072,0.495417,0.496337,0.495867,0.984025788
Plexus,100 Clients(Plexus).csv,0,10,10,0.6501,0.061164,0.989128,0.519596,0.496498,0.496278,0.984092546
Plexus,100 Clients(Plexus).csv,0,11,11,0.622674,0.062708,0.989111,0.495667,0.496442,0.496044,0.984064785
Plexus,100 Clients(Plexus).csv,0,12,12,0.637885,0.063193,0.989114,0.519535,0.496486,0.496242,0.98407799
Plexus,100 Clients(Plexus).csv,0,13,13,0.585553,0.059306,0.989136,0.648523,0.505985,0.511187,0.984392666
Plexus,100 Clients(Plexus).csv,0,14,14,0.395414,0.060711,0.989238,0.600676,0.497351,0.498375,0.98423423
Plexus,100 Clients(Plexus).csv,0,15,15,0.608159,0.063201,0.989192,0.646221,0.50311,0.507357,0.984365356
Plexus,100 Clients(Plexus).csv,0,16,16,0.451535,0.057291,0.989319,0.650545,0.506084,0.512474,0.984582532
Plexus,100 Clients(Plexus).csv,0,17,17,0.563756,0.064406,0.989307,0.650224,0.505181,0.51138,0.984547619
Plexus,100 Clients(Plexus).csv,0,18,18,0.689975,0.060353,0.989346,0.650603,0.505443,0.511833,0.984592882
Plexus,100 Clients(Plexus).csv,0,19,19,0.412113,0.058197,0.989582,0.655349,0.508862,0.519028,0.984945474
Plexus,100 Clients(Plexus).csv,1,20,0,4.128178,128.649,0.708586,0.27611,0.249349,0.214307,0.616996568
Plexus,100 Clients(Plexus).csv,1,21,1,0.289873,0.484546,0.928608,0.357128,0.41508,0.380011,0.898025775
Plexus,100 Clients(Plexus).csv,1,22,2,0.018126,0.485312,0.929533,0.370027,0.418405,0.381793,0.900693797
Plexus,100 Clients(Plexus).csv,1,23,3,0.005845,0.510368,0.930243,0.374197,0.460555,0.403324,0.903160065
Plexus,100 Clients(Plexus).csv,1,24,4,0.004432,0.578816,0.930451,0.365632,0.475213,0.394082,0.905665585
Plexus,100 Clients(Plexus).csv,1,25,5,0.003837,0.655551,0.93049,0.365284,0.476699,0.393583,0.905693671
Plexus,100 Clients(Plexus).csv,1,26,6,0.003219,0.692856,0.930505,0.364061,0.478813,0.390495,0.90622492
Plexus,100 Clients(Plexus).csv,1,27,7,0.00321,0.741845,0.930522,0.363418,0.480707,0.388508,0.907061528
Plexus,100 Clients(Plexus).csv,1,28,8,0.00303,0.797796,0.930481,0.364909,0.480694,0.389987,0.90622871
Plexus,100 Clients(Plexus).csv,1,29,9,0.003193,0.860069,0.930514,0.365832,0.481179,0.391251,0.905811443
Plexus,100 Clients(Plexus).csv,1,30,10,0.002948,0.864477,0.9305,0.366769,0.480705,0.391095,0.906058176
Plexus,100 Clients(Plexus).csv,1,31,11,0.002911,0.899124,0.930499,0.365117,0.478987,0.391085,0.90595781
Plexus,100 Clients(Plexus).csv,1,32,12,0.00272,0.89244,0.930564,0.363929,0.480156,0.388838,0.907029736
Plexus,100 Clients(Plexus).csv,1,33,13,0.003076,0.946343,0.930605,0.364889,0.482607,0.388473,0.907725791
Plexus,100 Clients(Plexus).csv,1,34,14,0.002409,10.304,0.930505,0.366599,0.479141,0.391836,0.905379301
Plexus,100 Clients(Plexus).csv,1,35,15,0.002918,1.051943,0.930555,0.367971,0.482119,0.391263,0.90697542
Plexus,100 Clients(Plexus).csv,1,36,16,0.002504,1.087621,0.930569,0.366745,0.481344,0.390925,0.906365013
Plexus,100 Clients(Plexus).csv,1,37,17,0.002646,1.019406,0.930482,0.367737,0.477493,0.392835,0.90479227
Plexus,100 Clients(Plexus).csv,1,38,18,0.002595,1.177962,0.930535,0.367364,0.479468,0.393805,0.904647131
Plexus,100 Clients(Plexus).csv,1,39,19,0.00257,1.165033,0.930515,0.369394,0.476962,0.397667,0.904238162
Plexus,100 Clients(Plexus).csv,2,40,0,1.378084,1.617163,0.466548,0.232951,0.224848,0.19109,0.38745193
Plexus,100 Clients(Plexus).csv,2,41,1,1.136002,3.311895,0.713016,0.286397,0.314051,0.287287,0.642978675
Plexus,100 Clients(Plexus).csv,2,42,2,0.5618,5.686054,0.569144,0.355653,0.345947,0.265901,0.474665452
Plexus,100 Clients(Plexus).csv,2,43,3,0.29403,9.236561,0.522778,0.269827,0.346125,0.245111,0.386946731
Plexus,100 Clients(Plexus).csv,2,44,4,0.412765,1.205962,0.522768,0.198694,0.347399,0.236392,0.389251118
Plexus,100 Clients(Plexus).csv,2,45,5,0.383355,1.531177,0.5076,0.194772,0.339606,0.224034,0.384176529
Plexus,100 Clients(Plexus).csv,2,46,6,0.264878,1.813244,0.410998,0.185437,0.293564,0.166738,0.271870573
Plexus,100 Clients(Plexus).csv,2,47,7,0.133284,2.118575,0.40998,0.193359,0.292252,0.168336,0.273164309
Plexus,100 Clients(Plexus).csv,2,48,8,0.258937,2.358043,0.409474,0.17968,0.295751,0.161514,0.27117479
Plexus,100 Clients(Plexus).csv,2,49,9,0.349784,2.475361,0.409404,0.173645,0.294091,0.158648,0.2626517
Plexus,100 Clients(Plexus).csv,2,50,10,0.14397,2.772529,0.408769,0.169489,0.293376,0.155913,0.254415872
Plexus,100 Clients(Plexus).csv,2,51,11,0.313024,293.873,0.408773,0.181071,0.295043,0.162027,0.269598212
Plexus,100 Clients(Plexus).csv,2,52,12,0.291432,2.992571,0.408746,0.175112,0.296731,0.155742,0.26944716
Plexus,100 Clients(Plexus).csv,2,53,13,0.386406,3.110552,0.408763,0.179942,0.295742,0.161217,0.269425658
Plexus,100 Clients(Plexus).csv,2,54,14,0.317575,3.264229,0.408765,0.167675,0.296594,0.153305,0.259061667
Plexus,100 Clients(Plexus).csv,2,55,15,0.339314,3.461495,0.408783,0.116168,0.296359,0.155645,0.263471376
Plexus,100 Clients(Plexus).csv,2,56,16,0.310792,3.518272,0.408675,0.114709,0.300686,0.152858,0.264075944
Plexus,100 Clients(Plexus).csv,2,57,17,0.384551,3.673401,0.408791,0.116399,0.295475,0.157035,0.26056082
Plexus,100 Clients(Plexus).csv,2,58,18,0.362061,3.853863,0.408778,0.118195,0.297062,0.154404,0.268617213
Plexus,100 Clients(Plexus).csv,2,59,19,0.420253,3.930286,0.408771,0.118431,0.297513,0.154202,0.269185539
Plexus,100 Clients(Plexus).csv,3,60,0,4.389873,2.792556,0.16478,0.158461,0.140538,0.06746,0.113082281
Plexus,100 Clients(Plexus).csv,3,61,1,1.296883,1.021909,0.200633,0.055032,0.191062,0.080855,0.07831581
Plexus,100 Clients(Plexus).csv,3,62,2,0.407175,1.718492,0.199002,0.097566,0.166052,0.06863,0.077729149
Plexus,100 Clients(Plexus).csv,3,63,3,0.170718,203.873,0.200399,0.067264,0.19018,0.09282,0.080673411
Plexus,100 Clients(Plexus).csv,3,64,4,0.136226,2.368751,0.201688,0.070521,0.197311,0.097774,0.083772937
Plexus,100 Clients(Plexus).csv,3,65,5,0.24505,26.417,0.200863,0.057519,0.204666,0.087237,0.07813779
Plexus,100 Clients(Plexus).csv,3,66,6,0.230763,2.880767,0.202518,0.079576,0.21014,0.107487,0.084321699
Plexus,100 Clients(Plexus).csv,3,67,7,0.109049,3.126884,0.201153,0.068789,0.206787,0.098798,0.081618534
Plexus,100 Clients(Plexus).csv,3,68,8,0.093441,3.392798,0.200986,0.063207,0.206167,0.093461,0.07885679
Plexus,100 Clients(Plexus).csv,3,69,9,0.246019,3.577085,0.201503,0.068446,0.208155,0.09869,0.082213876
Plexus,100 Clients(Plexus).csv,3,70,10,0.235726,379.766,0.201014,0.060032,0.206818,0.090433,0.077858847
Plexus,100 Clients(Plexus).csv,3,71,11,0.246746,3.952816,0.201127,0.065536,0.206238,0.095707,0.078418972
Plexus,100 Clients(Plexus).csv,3,72,12,0.27117,4.266034,0.201231,0.064231,0.207151,0.09468,0.078630687
Plexus,100 Clients(Plexus).csv,3,73,13,0.247256,4.455838,0.20129,0.065371,0.207198,0.095537,0.07633809
Plexus,100 Clients(Plexus).csv,3,74,14,0.28879,4.639479,0.201224,0.063142,0.20726,0.093697,0.079568535
Plexus,100 Clients(Plexus).csv,3,75,15,0.250943,4.844407,0.203746,0.066216,0.214165,0.097624,0.079543168
Plexus,100 Clients(Plexus).csv,3,76,16,0.282237,4.903498,0.201467,0.062336,0.208023,0.092848,0.079955523
Plexus,100 Clients(Plexus).csv,3,77,17,0.273916,5.068667,0.202158,0.062818,0.209736,0.093505,0.077316916
Plexus,100 Clients(Plexus).csv,3,78,18,0.293477,5.182654,0.201167,0.053852,0.207447,0.083482,0.076861708
Plexus,100 Clients(Plexus).csv,3,79,19,0.272918,5.271339,0.215054,0.079402,0.242522,0.113679,0.087595445
Plexus,100 Clients(Plexus).csv,4,80,0,2.981839,2.334036,0.194629,0.048713,0.162045,0.068931,0.078343858
Plexus,100 Clients(Plexus).csv,4,81,1,7.915276,1.042956,0.197299,0.065616,0.18377,0.082293,0.079626676
Plexus,100 Clients(Plexus).csv,4,82,2,3.205847,742.725,0.191734,0.092158,0.136998,0.051941,0.072509307
Plexus,100 Clients(Plexus).csv,4,83,3,2.161203,722.847,0.174584,0.03395,0.132365,0.049337,0.065986786
Plexus,100 Clients(Plexus).csv,4,84,4,1.660754,7.417879,0.094388,0.045432,0.106709,0.045856,0.04386481
Plexus,100 Clients(Plexus).csv,4,85,5,1.381075,812.178,0.085317,0.029483,0.119013,0.03196,0.035451479
Plexus,100 Clients(Plexus).csv,4,86,6,1.180998,9.232328,0.084011,0.020094,0.121524,0.030861,0.034289107
Plexus,100 Clients(Plexus).csv,4,87,7,1.137553,9.089365,0.08401,0.020316,0.121826,0.030711,0.03420151
Plexus,100 Clients(Plexus).csv,4,88,8,0.942265,9.764066,0.081784,0.025149,0.121669,0.030652,0.033798152
Plexus,100 Clients(Plexus).csv,4,89,9,0.985365,1.032065,0.079374,0.027955,0.120062,0.030193,0.033186814
Plexus,100 Clients(Plexus).csv,4,90,10,0.924193,1.055187,0.079086,0.027754,0.121815,0.032533,0.033367965
Plexus,100 Clients(Plexus).csv,4,91,11,0.843552,1.149738,0.078663,0.027652,0.121433,0.032336,0.033396343
Plexus,100 Clients(Plexus).csv,4,92,12,0.792409,1.171718,0.075646,0.027448,0.121949,0.035068,0.032534048
Plexus,100 Clients(Plexus).csv,4,93,13,0.855315,1.232905,0.074723,0.027499,0.123293,0.036391,0.032548471
Plexus,100 Clients(Plexus).csv,4,94,14,0.797185,1.264133,0.074837,0.028771,0.120646,0.036533,0.032388855
Plexus,100 Clients(Plexus).csv,4,95,15,0.696432,1.427751,0.074549,0.028265,0.123243,0.037996,0.032590866
Plexus,100 Clients(Plexus).csv,4,96,16,0.80684,1.438861,0.0745,0.027902,0.126398,0.040764,0.0327383
Plexus,100 Clients(Plexus).csv,4,97,17,0.61857,1.587791,0.071161,0.027435,0.122711,0.037739,0.032026138
Plexus,100 Clients(Plexus).csv,4,98,18,0.788541,1.607864,0.071686,0.026453,0.127354,0.03943,0.032352138
Plexus,100 Clients(Plexus).csv,4,99,19,0.656852,1.714083,0.047506,0.026135,0.112583,0.036255,0.022360648
Plexus,100 Clients(Plexus).csv,5,100,0,1.919226,8.795357,0.080128,0.06785,0.113112,0.042812,0.03934229
Plexus,100 Clients(Plexus).csv,5,101,1,9.836585,62.575,0.132047,0.09977,0.145538,0.063659,0.063347136
Plexus,100 Clients(Plexus).csv,5,102,2,5.798586,5.694445,0.134367,0.067056,0.135288,0.055326,0.049385573
Plexus,100 Clients(Plexus).csv,5,103,3,4.264896,5.454816,0.137514,0.059339,0.120947,0.043955,0.047175781
Plexus,100 Clients(Plexus).csv,5,104,4,3.773924,5.578751,0.128712,0.017254,0.096808,0.027369,0.036931974
Plexus,100 Clients(Plexus).csv,5,105,5,3.658469,6.136639,0.090298,0.044249,0.075379,0.027781,0.038884489
Plexus,100 Clients(Plexus).csv,5,106,6,3.475622,7.861879,0.029311,0.019865,0.059808,0.010793,0.006299162
Plexus,100 Clients(Plexus).csv,5,107,7,3.305452,1.145791,0.026945,0.032144,0.058836,0.00931,0.003073738
Plexus,100 Clients(Plexus).csv,5,108,8,3.303137,1.508934,0.026848,0.005186,0.058768,0.009105,0.002888426
Plexus,100 Clients(Plexus).csv,5,109,9,3.948783,1.882839,0.026754,0.002161,0.058622,0.004147,0.001598892
Plexus,100 Clients(Plexus).csv,5,110,10,4.636625,1.999311,0.026607,0.001888,0.058395,0.003616,0.00205875
Plexus,100 Clients(Plexus).csv,5,111,11,5.470896,2.013658,0.026295,0.003748,0.05791,0.006738,0.004134067
Plexus,100 Clients(Plexus).csv,5,112,12,53.188,180.593,0.011661,0.022372,0.035186,0.009625,0.00602405
Plexus,100 Clients(Plexus).csv,5,113,13,5.386058,1.512333,0.00809,0.00531,0.029641,0.000902,0.000407542
Plexus,100 Clients(Plexus).csv,5,114,14,4.671813,1.340525,0.008039,0.005067,0.029561,0.000754,0.000311993
Plexus,100 Clients(Plexus).csv,5,115,15,5.171451,1.218931,0.007944,0.029742,0.029413,0.000465,0.000126529
Plexus,100 Clients(Plexus).csv,5,116,16,4.127965,1.255365,0.007943,0.059108,0.029412,0.000464,0.000126079
Plexus,100 Clients(Plexus).csv,5,117,17,481.293,122.847,0.007944,0.057657,0.029412,0.000465,0.000128296
Plexus,100 Clients(Plexus).csv,5,118,18,4.413815,1.252399,0.007944,0.028175,0.029412,0.000465,0.000127999
Plexus,100 Clients(Plexus).csv,5,119,19,37.926,1.249517,0.007944,0.028011,0.029412,0.000465,0.000127703
